2025-12-15 10:39:51 - MediaMTX_VMS - INFO - [logger.py:62] - ================================================================================
2025-12-15 10:39:51 - MediaMTX_VMS - INFO - [logger.py:63] - MediaMTX VMS Client v2.0 - Logger initialized
2025-12-15 10:39:51 - MediaMTX_VMS - INFO - [logger.py:64] - Log file: logs\app_20251215.log
2025-12-15 10:39:51 - MediaMTX_VMS - INFO - [logger.py:65] - ================================================================================
2025-12-15 10:39:51 - MediaMTX_VMS - INFO - [config.py:40] - Configuration loaded from config.json
2025-12-15 10:39:51 - MediaMTX_VMS - INFO - [camera_manager.py:28] - Loading 4 cameras from config
2025-12-15 10:39:51 - MediaMTX_VMS - INFO - [nvr_manager.py:28] - Loading 0 NVRs from config
2025-12-15 10:39:53 - MediaMTX_VMS - INFO - [main.py:96] - ================================================================================
2025-12-15 10:39:53 - MediaMTX_VMS - INFO - [main.py:97] - MediaMTX VMS Client v2.0 - Starting
2025-12-15 10:39:53 - MediaMTX_VMS - INFO - [main.py:98] - ================================================================================
2025-12-15 10:39:53 - MediaMTX_VMS - INFO - [main.py:47] - Stylesheet loaded successfully
2025-12-15 10:39:53 - MediaMTX_VMS - INFO - [grid_widget.py:85] - Created 2x2 grid with 4 cells
2025-12-15 10:39:53 - MediaMTX_VMS - INFO - [video_widget.py:83] - VideoWidget assigned to camera: dakdsa
2025-12-15 10:39:53 - MediaMTX_VMS - DEBUG - [stream_manager.py:70] - VideoStreamThread created for camera: dakdsa
2025-12-15 10:39:53 - MediaMTX_VMS - INFO - [video_widget.py:113] - Started stream for dakdsa
2025-12-15 10:39:53 - MediaMTX_VMS - DEBUG - [config.py:113] - Config set: layout.grid_assignments.2x2 = {'0,0': '62738212-6a88-4302-9f18-c0859dea54e7'}
2025-12-15 10:39:53 - MediaMTX_VMS - DEBUG - [stream_manager.py:383] - Stream status for dakdsa: Connecting
2025-12-15 10:39:53 - MediaMTX_VMS - DEBUG - [config.py:63] - Configuration saved
2025-12-15 10:39:53 - MediaMTX_VMS - INFO - [stream_manager.py:154] - Connecting to dakdsa at rtsp://192.168.1.109:8554/nvr1_camera1
2025-12-15 10:39:53 - MediaMTX_VMS - INFO - [grid_widget.py:166] - Assigned camera 'dakdsa' to cell (0, 0)
2025-12-15 10:39:53 - MediaMTX_VMS - INFO - [video_widget.py:83] - VideoWidget assigned to camera: dakdsa
2025-12-15 10:39:53 - MediaMTX_VMS - DEBUG - [stream_manager.py:70] - VideoStreamThread created for camera: dakdsa
2025-12-15 10:39:53 - MediaMTX_VMS - INFO - [video_widget.py:113] - Started stream for dakdsa
2025-12-15 10:39:53 - MediaMTX_VMS - DEBUG - [config.py:113] - Config set: layout.grid_assignments.2x2 = {'0,0': '62738212-6a88-4302-9f18-c0859dea54e7', '0,1': '62738212-6a88-4302-9f18-c0859dea54e7'}
2025-12-15 10:39:53 - MediaMTX_VMS - DEBUG - [config.py:63] - Configuration saved
2025-12-15 10:39:53 - MediaMTX_VMS - DEBUG - [stream_manager.py:383] - Stream status for dakdsa: Connecting
2025-12-15 10:39:53 - MediaMTX_VMS - INFO - [grid_widget.py:166] - Assigned camera 'dakdsa' to cell (0, 1)
2025-12-15 10:39:53 - MediaMTX_VMS - INFO - [stream_manager.py:154] - Connecting to dakdsa at rtsp://192.168.1.109:8554/nvr1_camera1
2025-12-15 10:39:53 - MediaMTX_VMS - DEBUG - [resource_tree.py:130] - Resource tree loaded: 4 cameras, 0 NVRs
2025-12-15 10:39:54 - MediaMTX_VMS - DEBUG - [event_log.py:151] - Event logged: [Info] : Application started
2025-12-15 10:39:54 - MediaMTX_VMS - INFO - [main_window.py:56] - MainWindow initialized
2025-12-15 10:39:56 - MediaMTX_VMS - INFO - [main.py:110] - Main window displayed
2025-12-15 10:40:07 - MediaMTX_VMS - DEBUG - [resource_tree.py:130] - Resource tree loaded: 4 cameras, 0 NVRs
2025-12-15 10:40:08 - MediaMTX_VMS - INFO - [grid_widget.py:245] - Stopping all streams
2025-12-15 10:40:08 - MediaMTX_VMS - INFO - [video_widget.py:123] - Signal stop stream for dakdsa
2025-12-15 10:40:08 - MediaMTX_VMS - INFO - [video_widget.py:123] - Signal stop stream for dakdsa
2025-12-15 10:40:12 - MediaMTX_VMS - INFO - [main_window.py:380] - Application closing
2025-12-15 10:40:13 - MediaMTX_VMS - INFO - [main.py:118] - Application exiting with code: 0
2025-12-15 10:40:13 - MediaMTX_VMS - INFO - [main.py:119] - ================================================================================
2025-12-15 11:01:36 - MediaMTX_VMS - INFO - [logger.py:62] - ================================================================================
2025-12-15 11:01:36 - MediaMTX_VMS - INFO - [logger.py:63] - MediaMTX VMS Client v2.0 - Logger initialized
2025-12-15 11:01:36 - MediaMTX_VMS - INFO - [logger.py:64] - Log file: logs\app_20251215.log
2025-12-15 11:01:36 - MediaMTX_VMS - INFO - [logger.py:65] - ================================================================================
2025-12-15 11:01:36 - MediaMTX_VMS - INFO - [config.py:40] - Configuration loaded from config.json
2025-12-15 11:01:36 - MediaMTX_VMS - INFO - [camera_manager.py:28] - Loading 4 cameras from config
2025-12-15 11:01:36 - MediaMTX_VMS - INFO - [nvr_manager.py:28] - Loading 0 NVRs from config
2025-12-15 11:05:09 - MediaMTX_VMS - INFO - [logger.py:62] - ================================================================================
2025-12-15 11:05:09 - MediaMTX_VMS - INFO - [logger.py:63] - MediaMTX VMS Client v2.0 - Logger initialized
2025-12-15 11:05:09 - MediaMTX_VMS - INFO - [logger.py:64] - Log file: logs\app_20251215.log
2025-12-15 11:05:09 - MediaMTX_VMS - INFO - [logger.py:65] - ================================================================================
2025-12-15 11:05:09 - MediaMTX_VMS - INFO - [config.py:40] - Configuration loaded from config.json
2025-12-15 11:05:09 - MediaMTX_VMS - INFO - [camera_manager.py:28] - Loading 4 cameras from config
2025-12-15 11:05:09 - MediaMTX_VMS - INFO - [nvr_manager.py:28] - Loading 0 NVRs from config
2025-12-15 11:05:11 - MediaMTX_VMS - INFO - [main.py:96] - ================================================================================
2025-12-15 11:05:11 - MediaMTX_VMS - INFO - [main.py:97] - MediaMTX VMS Client v2.0 - Starting
2025-12-15 11:05:11 - MediaMTX_VMS - INFO - [main.py:98] - ================================================================================
2025-12-15 11:05:11 - MediaMTX_VMS - INFO - [main.py:47] - Stylesheet loaded successfully
2025-12-15 11:05:11 - MediaMTX_VMS - INFO - [grid_widget.py:85] - Created 2x2 grid with 4 cells
2025-12-15 11:05:11 - MediaMTX_VMS - INFO - [video_widget.py:83] - VideoWidget assigned to camera: dakdsa
2025-12-15 11:05:11 - MediaMTX_VMS - DEBUG - [stream_manager.py:73] - VideoStreamThread created for camera: dakdsa
2025-12-15 11:05:11 - MediaMTX_VMS - INFO - [video_widget.py:113] - Started stream for dakdsa
2025-12-15 11:05:11 - MediaMTX_VMS - DEBUG - [config.py:113] - Config set: layout.grid_assignments.2x2 = {'0,0': '62738212-6a88-4302-9f18-c0859dea54e7'}
2025-12-15 11:05:11 - MediaMTX_VMS - DEBUG - [stream_manager.py:386] - Stream status for dakdsa: Connecting
2025-12-15 11:05:11 - MediaMTX_VMS - DEBUG - [config.py:63] - Configuration saved
2025-12-15 11:05:11 - MediaMTX_VMS - INFO - [stream_manager.py:157] - Connecting to dakdsa at rtsp://192.168.1.109:8554/nvr1_camera1
2025-12-15 11:05:11 - MediaMTX_VMS - INFO - [grid_widget.py:168] - Assigned camera 'dakdsa' to cell (0, 0)
2025-12-15 11:05:11 - MediaMTX_VMS - INFO - [video_widget.py:83] - VideoWidget assigned to camera: dakdsa
2025-12-15 11:05:11 - MediaMTX_VMS - DEBUG - [stream_manager.py:73] - VideoStreamThread created for camera: dakdsa
2025-12-15 11:05:11 - MediaMTX_VMS - INFO - [video_widget.py:113] - Started stream for dakdsa
2025-12-15 11:05:11 - MediaMTX_VMS - DEBUG - [stream_manager.py:386] - Stream status for dakdsa: Connecting
2025-12-15 11:05:11 - MediaMTX_VMS - DEBUG - [config.py:113] - Config set: layout.grid_assignments.2x2 = {'0,0': '62738212-6a88-4302-9f18-c0859dea54e7', '0,1': '62738212-6a88-4302-9f18-c0859dea54e7'}
2025-12-15 11:05:11 - MediaMTX_VMS - INFO - [stream_manager.py:157] - Connecting to dakdsa at rtsp://192.168.1.109:8554/nvr1_camera1
2025-12-15 11:05:11 - MediaMTX_VMS - DEBUG - [config.py:63] - Configuration saved
2025-12-15 11:05:11 - MediaMTX_VMS - INFO - [grid_widget.py:168] - Assigned camera 'dakdsa' to cell (0, 1)
2025-12-15 11:05:11 - MediaMTX_VMS - DEBUG - [resource_tree.py:130] - Resource tree loaded: 4 cameras, 0 NVRs
2025-12-15 11:15:08 - MediaMTX_VMS - INFO - [logger.py:62] - ================================================================================
2025-12-15 11:15:08 - MediaMTX_VMS - INFO - [logger.py:63] - MediaMTX VMS Client v2.0 - Logger initialized
2025-12-15 11:15:08 - MediaMTX_VMS - INFO - [logger.py:64] - Log file: logs\app_20251215.log
2025-12-15 11:15:08 - MediaMTX_VMS - INFO - [logger.py:65] - ================================================================================
2025-12-15 11:15:08 - MediaMTX_VMS - INFO - [config.py:40] - Configuration loaded from config.json
2025-12-15 11:15:08 - MediaMTX_VMS - INFO - [camera_manager.py:28] - Loading 4 cameras from config
2025-12-15 11:15:08 - MediaMTX_VMS - INFO - [nvr_manager.py:28] - Loading 0 NVRs from config
2025-12-15 11:15:10 - MediaMTX_VMS - INFO - [main.py:96] - ================================================================================
2025-12-15 11:15:10 - MediaMTX_VMS - INFO - [main.py:97] - MediaMTX VMS Client v2.0 - Starting
2025-12-15 11:15:10 - MediaMTX_VMS - INFO - [main.py:98] - ================================================================================
2025-12-15 11:15:10 - MediaMTX_VMS - INFO - [main.py:47] - Stylesheet loaded successfully
2025-12-15 11:15:10 - MediaMTX_VMS - INFO - [grid_widget.py:85] - Created 2x2 grid with 4 cells
2025-12-15 11:15:10 - MediaMTX_VMS - INFO - [video_widget.py:83] - VideoWidget assigned to camera: dakdsa
2025-12-15 11:15:10 - MediaMTX_VMS - DEBUG - [stream_manager.py:73] - VideoStreamThread created for camera: dakdsa
2025-12-15 11:15:10 - MediaMTX_VMS - INFO - [video_widget.py:113] - Started stream for dakdsa
2025-12-15 11:15:10 - MediaMTX_VMS - DEBUG - [stream_manager.py:386] - Stream status for dakdsa: Connecting
2025-12-15 11:15:10 - MediaMTX_VMS - INFO - [stream_manager.py:157] - Connecting to dakdsa at rtsp://192.168.1.109:8554/nvr1_camera1
2025-12-15 11:15:10 - MediaMTX_VMS - DEBUG - [config.py:113] - Config set: layout.grid_assignments.2x2 = {'0,0': '62738212-6a88-4302-9f18-c0859dea54e7'}
2025-12-15 11:15:10 - MediaMTX_VMS - DEBUG - [config.py:63] - Configuration saved
2025-12-15 11:15:10 - MediaMTX_VMS - INFO - [grid_widget.py:168] - Assigned camera 'dakdsa' to cell (0, 0)
2025-12-15 11:15:10 - MediaMTX_VMS - INFO - [video_widget.py:83] - VideoWidget assigned to camera: dakdsa
2025-12-15 11:15:10 - MediaMTX_VMS - DEBUG - [stream_manager.py:73] - VideoStreamThread created for camera: dakdsa
2025-12-15 11:15:10 - MediaMTX_VMS - INFO - [video_widget.py:113] - Started stream for dakdsa
2025-12-15 11:15:10 - MediaMTX_VMS - DEBUG - [stream_manager.py:386] - Stream status for dakdsa: Connecting
2025-12-15 11:15:10 - MediaMTX_VMS - DEBUG - [config.py:113] - Config set: layout.grid_assignments.2x2 = {'0,0': '62738212-6a88-4302-9f18-c0859dea54e7', '0,1': '62738212-6a88-4302-9f18-c0859dea54e7'}
2025-12-15 11:15:10 - MediaMTX_VMS - INFO - [stream_manager.py:157] - Connecting to dakdsa at rtsp://192.168.1.109:8554/nvr1_camera1
2025-12-15 11:15:10 - MediaMTX_VMS - DEBUG - [config.py:63] - Configuration saved
2025-12-15 11:15:10 - MediaMTX_VMS - INFO - [grid_widget.py:168] - Assigned camera 'dakdsa' to cell (0, 1)
2025-12-15 11:15:10 - MediaMTX_VMS - DEBUG - [resource_tree.py:130] - Resource tree loaded: 4 cameras, 0 NVRs
2025-12-15 11:16:09 - MediaMTX_VMS - INFO - [logger.py:62] - ================================================================================
2025-12-15 11:16:09 - MediaMTX_VMS - INFO - [logger.py:63] - MediaMTX VMS Client v2.0 - Logger initialized
2025-12-15 11:16:09 - MediaMTX_VMS - INFO - [logger.py:64] - Log file: logs\app_20251215.log
2025-12-15 11:16:09 - MediaMTX_VMS - INFO - [logger.py:65] - ================================================================================
2025-12-15 11:16:09 - MediaMTX_VMS - INFO - [config.py:40] - Configuration loaded from config.json
2025-12-15 11:16:09 - MediaMTX_VMS - INFO - [camera_manager.py:28] - Loading 4 cameras from config
2025-12-15 11:16:09 - MediaMTX_VMS - INFO - [nvr_manager.py:28] - Loading 0 NVRs from config
2025-12-15 11:16:11 - MediaMTX_VMS - INFO - [main.py:96] - ================================================================================
2025-12-15 11:16:11 - MediaMTX_VMS - INFO - [main.py:97] - MediaMTX VMS Client v2.0 - Starting
2025-12-15 11:16:11 - MediaMTX_VMS - INFO - [main.py:98] - ================================================================================
2025-12-15 11:16:11 - MediaMTX_VMS - INFO - [main.py:47] - Stylesheet loaded successfully
2025-12-15 11:16:11 - MediaMTX_VMS - INFO - [grid_widget.py:85] - Created 2x2 grid with 4 cells
2025-12-15 11:16:11 - MediaMTX_VMS - INFO - [video_widget.py:83] - VideoWidget assigned to camera: dakdsa
2025-12-15 11:16:11 - MediaMTX_VMS - DEBUG - [stream_manager.py:73] - VideoStreamThread created for camera: dakdsa
2025-12-15 11:16:11 - MediaMTX_VMS - INFO - [video_widget.py:113] - Started stream for dakdsa
2025-12-15 11:16:11 - MediaMTX_VMS - DEBUG - [stream_manager.py:386] - Stream status for dakdsa: Connecting
2025-12-15 11:16:11 - MediaMTX_VMS - DEBUG - [config.py:113] - Config set: layout.grid_assignments.2x2 = {'0,0': '62738212-6a88-4302-9f18-c0859dea54e7'}
2025-12-15 11:16:11 - MediaMTX_VMS - INFO - [stream_manager.py:157] - Connecting to dakdsa at rtsp://192.168.1.109:8554/nvr1_camera1
2025-12-15 11:16:11 - MediaMTX_VMS - DEBUG - [config.py:63] - Configuration saved
2025-12-15 11:16:11 - MediaMTX_VMS - INFO - [grid_widget.py:168] - Assigned camera 'dakdsa' to cell (0, 0)
2025-12-15 11:16:11 - MediaMTX_VMS - INFO - [video_widget.py:83] - VideoWidget assigned to camera: dakdsa
2025-12-15 11:16:11 - MediaMTX_VMS - DEBUG - [stream_manager.py:73] - VideoStreamThread created for camera: dakdsa
2025-12-15 11:16:11 - MediaMTX_VMS - INFO - [video_widget.py:113] - Started stream for dakdsa
2025-12-15 11:16:11 - MediaMTX_VMS - DEBUG - [config.py:113] - Config set: layout.grid_assignments.2x2 = {'0,0': '62738212-6a88-4302-9f18-c0859dea54e7', '0,1': '62738212-6a88-4302-9f18-c0859dea54e7'}
2025-12-15 11:16:11 - MediaMTX_VMS - DEBUG - [stream_manager.py:386] - Stream status for dakdsa: Connecting
2025-12-15 11:16:11 - MediaMTX_VMS - DEBUG - [config.py:63] - Configuration saved
2025-12-15 11:16:11 - MediaMTX_VMS - INFO - [stream_manager.py:157] - Connecting to dakdsa at rtsp://192.168.1.109:8554/nvr1_camera1
2025-12-15 11:16:11 - MediaMTX_VMS - INFO - [grid_widget.py:168] - Assigned camera 'dakdsa' to cell (0, 1)
2025-12-15 11:16:11 - MediaMTX_VMS - DEBUG - [resource_tree.py:130] - Resource tree loaded: 4 cameras, 0 NVRs
2025-12-15 11:17:13 - MediaMTX_VMS - INFO - [logger.py:62] - ================================================================================
2025-12-15 11:17:13 - MediaMTX_VMS - INFO - [logger.py:63] - MediaMTX VMS Client v2.0 - Logger initialized
2025-12-15 11:17:13 - MediaMTX_VMS - INFO - [logger.py:64] - Log file: logs\app_20251215.log
2025-12-15 11:17:13 - MediaMTX_VMS - INFO - [logger.py:65] - ================================================================================
2025-12-15 11:17:13 - MediaMTX_VMS - INFO - [config.py:40] - Configuration loaded from config.json
2025-12-15 11:17:13 - MediaMTX_VMS - INFO - [camera_manager.py:28] - Loading 4 cameras from config
2025-12-15 11:17:13 - MediaMTX_VMS - INFO - [nvr_manager.py:28] - Loading 0 NVRs from config
2025-12-15 11:17:15 - MediaMTX_VMS - INFO - [main.py:96] - ================================================================================
2025-12-15 11:17:15 - MediaMTX_VMS - INFO - [main.py:97] - MediaMTX VMS Client v2.0 - Starting
2025-12-15 11:17:15 - MediaMTX_VMS - INFO - [main.py:98] - ================================================================================
2025-12-15 11:17:15 - MediaMTX_VMS - INFO - [main.py:47] - Stylesheet loaded successfully
2025-12-15 11:17:15 - MediaMTX_VMS - INFO - [grid_widget.py:85] - Created 2x2 grid with 4 cells
2025-12-15 11:17:15 - MediaMTX_VMS - INFO - [video_widget.py:83] - VideoWidget assigned to camera: dakdsa
2025-12-15 11:17:15 - MediaMTX_VMS - DEBUG - [stream_manager.py:73] - VideoStreamThread created for camera: dakdsa
2025-12-15 11:17:15 - MediaMTX_VMS - INFO - [video_widget.py:113] - Started stream for dakdsa
2025-12-15 11:17:15 - MediaMTX_VMS - DEBUG - [stream_manager.py:386] - Stream status for dakdsa: Connecting
2025-12-15 11:17:15 - MediaMTX_VMS - INFO - [stream_manager.py:157] - Connecting to dakdsa at rtsp://192.168.1.109:8554/nvr1_camera1
2025-12-15 11:17:15 - MediaMTX_VMS - DEBUG - [config.py:113] - Config set: layout.grid_assignments.2x2 = {'0,0': '62738212-6a88-4302-9f18-c0859dea54e7'}
2025-12-15 11:17:15 - MediaMTX_VMS - DEBUG - [config.py:63] - Configuration saved
2025-12-15 11:17:15 - MediaMTX_VMS - INFO - [grid_widget.py:168] - Assigned camera 'dakdsa' to cell (0, 0)
2025-12-15 11:17:15 - MediaMTX_VMS - INFO - [video_widget.py:83] - VideoWidget assigned to camera: dakdsa
2025-12-15 11:17:15 - MediaMTX_VMS - DEBUG - [stream_manager.py:73] - VideoStreamThread created for camera: dakdsa
2025-12-15 11:17:15 - MediaMTX_VMS - INFO - [video_widget.py:113] - Started stream for dakdsa
2025-12-15 11:17:15 - MediaMTX_VMS - DEBUG - [stream_manager.py:386] - Stream status for dakdsa: Connecting
2025-12-15 11:17:15 - MediaMTX_VMS - INFO - [stream_manager.py:157] - Connecting to dakdsa at rtsp://192.168.1.109:8554/nvr1_camera1
2025-12-15 11:17:15 - MediaMTX_VMS - DEBUG - [config.py:113] - Config set: layout.grid_assignments.2x2 = {'0,0': '62738212-6a88-4302-9f18-c0859dea54e7', '0,1': '62738212-6a88-4302-9f18-c0859dea54e7'}
2025-12-15 11:17:15 - MediaMTX_VMS - DEBUG - [config.py:63] - Configuration saved
2025-12-15 11:17:15 - MediaMTX_VMS - INFO - [grid_widget.py:168] - Assigned camera 'dakdsa' to cell (0, 1)
2025-12-15 11:17:15 - MediaMTX_VMS - DEBUG - [resource_tree.py:130] - Resource tree loaded: 4 cameras, 0 NVRs
2025-12-15 11:17:15 - MediaMTX_VMS - DEBUG - [event_log.py:151] - Event logged: [Info] : Application started
2025-12-15 11:17:15 - MediaMTX_VMS - INFO - [main_window.py:56] - MainWindow initialized
2025-12-15 11:17:17 - MediaMTX_VMS - INFO - [main.py:110] - Main window displayed
2025-12-15 11:17:24 - MediaMTX_VMS - DEBUG - [event_log.py:151] - Event logged: [Info] b348c896-0e69-4198-996a-43b3f5925a8b: Camera removed from grid
2025-12-15 11:18:16 - MediaMTX_VMS - ERROR - [stream_manager.py:185] - Failed to open stream: rtsp://192.168.1.109:8554/nvr1_camera1
2025-12-15 11:18:16 - MediaMTX_VMS - INFO - [stream_manager.py:232] - Reconnecting to dakdsa (attempt 1)
2025-12-15 11:18:16 - MediaMTX_VMS - DEBUG - [stream_manager.py:386] - Stream status for dakdsa: Reconnecting
2025-12-15 11:18:18 - MediaMTX_VMS - INFO - [stream_manager.py:157] - Connecting to dakdsa at rtsp://192.168.1.109:8554/nvr1_camera1
2025-12-15 11:18:46 - MediaMTX_VMS - ERROR - [stream_manager.py:185] - Failed to open stream: rtsp://192.168.1.109:8554/nvr1_camera1
2025-12-15 11:18:46 - MediaMTX_VMS - INFO - [stream_manager.py:232] - Reconnecting to dakdsa (attempt 1)
2025-12-15 11:18:46 - MediaMTX_VMS - DEBUG - [stream_manager.py:386] - Stream status for dakdsa: Reconnecting
2025-12-15 11:18:48 - MediaMTX_VMS - INFO - [stream_manager.py:157] - Connecting to dakdsa at rtsp://192.168.1.109:8554/nvr1_camera1
2025-12-15 11:21:14 - MediaMTX_VMS - INFO - [logger.py:62] - ================================================================================
2025-12-15 11:21:14 - MediaMTX_VMS - INFO - [logger.py:63] - MediaMTX VMS Client v2.0 - Logger initialized
2025-12-15 11:21:14 - MediaMTX_VMS - INFO - [logger.py:64] - Log file: logs\app_20251215.log
2025-12-15 11:21:14 - MediaMTX_VMS - INFO - [logger.py:65] - ================================================================================
2025-12-15 11:21:14 - MediaMTX_VMS - INFO - [config.py:40] - Configuration loaded from config.json
2025-12-15 11:21:14 - MediaMTX_VMS - INFO - [camera_manager.py:28] - Loading 4 cameras from config
2025-12-15 11:21:14 - MediaMTX_VMS - INFO - [nvr_manager.py:28] - Loading 0 NVRs from config
2025-12-15 11:21:15 - MediaMTX_VMS - INFO - [main.py:96] - ================================================================================
2025-12-15 11:21:15 - MediaMTX_VMS - INFO - [main.py:97] - MediaMTX VMS Client v2.0 - Starting
2025-12-15 11:21:15 - MediaMTX_VMS - INFO - [main.py:98] - ================================================================================
2025-12-15 11:21:15 - MediaMTX_VMS - INFO - [main.py:47] - Stylesheet loaded successfully
2025-12-15 11:21:15 - MediaMTX_VMS - INFO - [grid_widget.py:85] - Created 2x2 grid with 4 cells
2025-12-15 11:21:15 - MediaMTX_VMS - INFO - [video_widget.py:83] - VideoWidget assigned to camera: dakdsa
2025-12-15 11:21:15 - MediaMTX_VMS - DEBUG - [stream_manager.py:73] - VideoStreamThread created for camera: dakdsa
2025-12-15 11:21:15 - MediaMTX_VMS - INFO - [video_widget.py:113] - Started stream for dakdsa
2025-12-15 11:21:15 - MediaMTX_VMS - DEBUG - [config.py:113] - Config set: layout.grid_assignments.2x2 = {'0,0': '62738212-6a88-4302-9f18-c0859dea54e7'}
2025-12-15 11:21:15 - MediaMTX_VMS - DEBUG - [stream_manager.py:395] - Stream status for dakdsa: Connecting
2025-12-15 11:21:15 - MediaMTX_VMS - INFO - [stream_manager.py:157] - Connecting to dakdsa at rtsp://192.168.1.109:8554/nvr1_camera1
2025-12-15 11:21:15 - MediaMTX_VMS - DEBUG - [config.py:63] - Configuration saved
2025-12-15 11:21:15 - MediaMTX_VMS - INFO - [grid_widget.py:168] - Assigned camera 'dakdsa' to cell (0, 0)
2025-12-15 11:21:15 - MediaMTX_VMS - INFO - [video_widget.py:83] - VideoWidget assigned to camera: dakdsa
2025-12-15 11:21:15 - MediaMTX_VMS - DEBUG - [stream_manager.py:73] - VideoStreamThread created for camera: dakdsa
2025-12-15 11:21:15 - MediaMTX_VMS - INFO - [video_widget.py:113] - Started stream for dakdsa
2025-12-15 11:21:15 - MediaMTX_VMS - DEBUG - [config.py:113] - Config set: layout.grid_assignments.2x2 = {'0,0': '62738212-6a88-4302-9f18-c0859dea54e7', '0,1': '62738212-6a88-4302-9f18-c0859dea54e7'}
2025-12-15 11:21:15 - MediaMTX_VMS - DEBUG - [config.py:63] - Configuration saved
2025-12-15 11:21:15 - MediaMTX_VMS - INFO - [grid_widget.py:168] - Assigned camera 'dakdsa' to cell (0, 1)
2025-12-15 11:21:15 - MediaMTX_VMS - DEBUG - [stream_manager.py:395] - Stream status for dakdsa: Connecting
2025-12-15 11:21:15 - MediaMTX_VMS - INFO - [stream_manager.py:157] - Connecting to dakdsa at rtsp://192.168.1.109:8554/nvr1_camera1
2025-12-15 11:21:15 - MediaMTX_VMS - DEBUG - [resource_tree.py:130] - Resource tree loaded: 4 cameras, 0 NVRs
2025-12-15 11:21:15 - MediaMTX_VMS - DEBUG - [event_log.py:151] - Event logged: [Info] : Application started
2025-12-15 11:21:15 - MediaMTX_VMS - INFO - [main_window.py:56] - MainWindow initialized
2025-12-15 11:21:18 - MediaMTX_VMS - INFO - [main.py:110] - Main window displayed
2025-12-15 11:21:23 - MediaMTX_VMS - INFO - [video_widget.py:138] - Detaching stream thread for dakdsa
2025-12-15 11:21:23 - MediaMTX_VMS - INFO - [video_widget.py:138] - Detaching stream thread for dakdsa
2025-12-15 11:21:23 - MediaMTX_VMS - DEBUG - [config.py:113] - Config set: layout.grid_assignments.2x2 = {}
2025-12-15 11:21:23 - MediaMTX_VMS - DEBUG - [config.py:63] - Configuration saved
2025-12-15 11:21:23 - MediaMTX_VMS - INFO - [grid_widget.py:221] - Removed camera 62738212-6a88-4302-9f18-c0859dea54e7 from 2 cells
2025-12-15 11:21:23 - MediaMTX_VMS - DEBUG - [event_log.py:151] - Event logged: [Info] 62738212-6a88-4302-9f18-c0859dea54e7: Camera removed from grid
2025-12-15 11:22:54 - MediaMTX_VMS - INFO - [logger.py:62] - ================================================================================
2025-12-15 11:22:54 - MediaMTX_VMS - INFO - [logger.py:63] - MediaMTX VMS Client v2.0 - Logger initialized
2025-12-15 11:22:54 - MediaMTX_VMS - INFO - [logger.py:64] - Log file: logs\app_20251215.log
2025-12-15 11:22:54 - MediaMTX_VMS - INFO - [logger.py:65] - ================================================================================
2025-12-15 11:22:54 - MediaMTX_VMS - INFO - [config.py:40] - Configuration loaded from config.json
2025-12-15 11:22:54 - MediaMTX_VMS - INFO - [camera_manager.py:28] - Loading 4 cameras from config
2025-12-15 11:22:54 - MediaMTX_VMS - INFO - [nvr_manager.py:28] - Loading 0 NVRs from config
2025-12-15 11:22:55 - MediaMTX_VMS - INFO - [main.py:96] - ================================================================================
2025-12-15 11:22:55 - MediaMTX_VMS - INFO - [main.py:97] - MediaMTX VMS Client v2.0 - Starting
2025-12-15 11:22:55 - MediaMTX_VMS - INFO - [main.py:98] - ================================================================================
2025-12-15 11:22:55 - MediaMTX_VMS - INFO - [main.py:47] - Stylesheet loaded successfully
2025-12-15 11:22:55 - MediaMTX_VMS - INFO - [grid_widget.py:85] - Created 2x2 grid with 4 cells
2025-12-15 11:22:56 - MediaMTX_VMS - DEBUG - [resource_tree.py:130] - Resource tree loaded: 4 cameras, 0 NVRs
2025-12-15 11:22:56 - MediaMTX_VMS - DEBUG - [event_log.py:151] - Event logged: [Info] : Application started
2025-12-15 11:22:56 - MediaMTX_VMS - INFO - [main_window.py:56] - MainWindow initialized
2025-12-15 11:22:58 - MediaMTX_VMS - INFO - [main.py:110] - Main window displayed
2025-12-15 11:23:02 - MediaMTX_VMS - DEBUG - [event_log.py:151] - Event logged: [Info] 481e46cf-f6bd-4f7b-9084-7f657e131a68: Camera removed from grid
2025-12-15 11:23:40 - MediaMTX_VMS - INFO - [logger.py:62] - ================================================================================
2025-12-15 11:23:40 - MediaMTX_VMS - INFO - [logger.py:63] - MediaMTX VMS Client v2.0 - Logger initialized
2025-12-15 11:23:40 - MediaMTX_VMS - INFO - [logger.py:64] - Log file: logs\app_20251215.log
2025-12-15 11:23:40 - MediaMTX_VMS - INFO - [logger.py:65] - ================================================================================
2025-12-15 11:23:40 - MediaMTX_VMS - INFO - [config.py:40] - Configuration loaded from config.json
2025-12-15 11:23:40 - MediaMTX_VMS - INFO - [camera_manager.py:28] - Loading 4 cameras from config
2025-12-15 11:23:40 - MediaMTX_VMS - INFO - [nvr_manager.py:28] - Loading 0 NVRs from config
2025-12-15 11:23:42 - MediaMTX_VMS - INFO - [main.py:96] - ================================================================================
2025-12-15 11:23:42 - MediaMTX_VMS - INFO - [main.py:97] - MediaMTX VMS Client v2.0 - Starting
2025-12-15 11:23:42 - MediaMTX_VMS - INFO - [main.py:98] - ================================================================================
2025-12-15 11:23:42 - MediaMTX_VMS - INFO - [main.py:47] - Stylesheet loaded successfully
2025-12-15 11:23:42 - MediaMTX_VMS - INFO - [grid_widget.py:85] - Created 2x2 grid with 4 cells
2025-12-15 11:23:42 - MediaMTX_VMS - DEBUG - [resource_tree.py:130] - Resource tree loaded: 4 cameras, 0 NVRs
2025-12-15 11:23:42 - MediaMTX_VMS - DEBUG - [event_log.py:151] - Event logged: [Info] : Application started
2025-12-15 11:23:42 - MediaMTX_VMS - INFO - [main_window.py:56] - MainWindow initialized
2025-12-15 11:23:45 - MediaMTX_VMS - INFO - [main.py:110] - Main window displayed
2025-12-15 11:23:47 - MediaMTX_VMS - INFO - [grid_widget.py:247] - Stopping all streams
2025-12-15 11:23:47 - MediaMTX_VMS - INFO - [main_window.py:383] - Application closing
2025-12-15 11:23:47 - MediaMTX_VMS - INFO - [main.py:118] - Application exiting with code: 0
2025-12-15 11:23:47 - MediaMTX_VMS - INFO - [main.py:119] - ================================================================================
2025-12-15 11:24:45 - MediaMTX_VMS - INFO - [logger.py:62] - ================================================================================
2025-12-15 11:24:45 - MediaMTX_VMS - INFO - [logger.py:63] - MediaMTX VMS Client v2.0 - Logger initialized
2025-12-15 11:24:45 - MediaMTX_VMS - INFO - [logger.py:64] - Log file: logs\app_20251215.log
2025-12-15 11:24:45 - MediaMTX_VMS - INFO - [logger.py:65] - ================================================================================
2025-12-15 11:24:45 - MediaMTX_VMS - INFO - [config.py:40] - Configuration loaded from config.json
2025-12-15 11:24:45 - MediaMTX_VMS - INFO - [camera_manager.py:28] - Loading 4 cameras from config
2025-12-15 11:24:45 - MediaMTX_VMS - INFO - [nvr_manager.py:28] - Loading 0 NVRs from config
2025-12-15 11:24:46 - MediaMTX_VMS - INFO - [main.py:96] - ================================================================================
2025-12-15 11:24:46 - MediaMTX_VMS - INFO - [main.py:97] - MediaMTX VMS Client v2.0 - Starting
2025-12-15 11:24:46 - MediaMTX_VMS - INFO - [main.py:98] - ================================================================================
2025-12-15 11:24:46 - MediaMTX_VMS - INFO - [main.py:47] - Stylesheet loaded successfully
2025-12-15 11:24:46 - MediaMTX_VMS - INFO - [grid_widget.py:85] - Created 2x2 grid with 4 cells
2025-12-15 11:24:46 - MediaMTX_VMS - DEBUG - [resource_tree.py:130] - Resource tree loaded: 4 cameras, 0 NVRs
2025-12-15 11:24:47 - MediaMTX_VMS - DEBUG - [event_log.py:151] - Event logged: [Info] : Application started
2025-12-15 11:24:47 - MediaMTX_VMS - INFO - [main_window.py:56] - MainWindow initialized
2025-12-15 11:24:49 - MediaMTX_VMS - INFO - [main.py:110] - Main window displayed
2025-12-15 11:24:58 - MediaMTX_VMS - DEBUG - [config.py:113] - Config set: emap.cameras = []
2025-12-15 11:24:58 - MediaMTX_VMS - DEBUG - [config.py:63] - Configuration saved
2025-12-15 11:24:58 - MediaMTX_VMS - DEBUG - [config.py:113] - Config set: emap.background = C:/Users/Windows 11 Pro/Pictures/Nx Witness Backgrounds/Cafe.jpg
2025-12-15 11:24:58 - MediaMTX_VMS - DEBUG - [config.py:63] - Configuration saved
2025-12-15 11:24:58 - MediaMTX_VMS - DEBUG - [config.py:63] - Configuration saved
2025-12-15 11:24:58 - MediaMTX_VMS - DEBUG - [emap_widget.py:239] - E-Map config saved
2025-12-15 11:25:40 - MediaMTX_VMS - INFO - [event_log.py:248] - Event log cleared
2025-12-15 11:25:41 - MediaMTX_VMS - DEBUG - [config.py:113] - Config set: emap.cameras = []
2025-12-15 11:25:41 - MediaMTX_VMS - DEBUG - [config.py:63] - Configuration saved
2025-12-15 11:25:41 - MediaMTX_VMS - DEBUG - [config.py:113] - Config set: emap.background = C:/Users/Windows 11 Pro/Pictures/Nx Witness Backgrounds/Cafe.jpg
2025-12-15 11:25:41 - MediaMTX_VMS - DEBUG - [config.py:63] - Configuration saved
2025-12-15 11:25:41 - MediaMTX_VMS - DEBUG - [config.py:63] - Configuration saved
2025-12-15 11:25:41 - MediaMTX_VMS - DEBUG - [emap_widget.py:239] - E-Map config saved
2025-12-15 11:25:43 - MediaMTX_VMS - DEBUG - [config.py:113] - Config set: emap.cameras = []
2025-12-15 11:25:43 - MediaMTX_VMS - DEBUG - [config.py:63] - Configuration saved
2025-12-15 11:25:43 - MediaMTX_VMS - DEBUG - [config.py:113] - Config set: emap.background = C:/Users/Windows 11 Pro/Pictures/Nx Witness Backgrounds/Cafe.jpg
2025-12-15 11:25:43 - MediaMTX_VMS - DEBUG - [config.py:63] - Configuration saved
2025-12-15 11:25:43 - MediaMTX_VMS - DEBUG - [config.py:63] - Configuration saved
2025-12-15 11:25:43 - MediaMTX_VMS - DEBUG - [emap_widget.py:239] - E-Map config saved
2025-12-15 11:25:43 - MediaMTX_VMS - DEBUG - [config.py:113] - Config set: emap.cameras = []
2025-12-15 11:25:43 - MediaMTX_VMS - DEBUG - [config.py:63] - Configuration saved
2025-12-15 11:25:43 - MediaMTX_VMS - DEBUG - [config.py:113] - Config set: emap.background = C:/Users/Windows 11 Pro/Pictures/Nx Witness Backgrounds/Cafe.jpg
2025-12-15 11:25:43 - MediaMTX_VMS - DEBUG - [config.py:63] - Configuration saved
2025-12-15 11:25:43 - MediaMTX_VMS - DEBUG - [config.py:63] - Configuration saved
2025-12-15 11:25:43 - MediaMTX_VMS - DEBUG - [emap_widget.py:239] - E-Map config saved
2025-12-15 11:25:50 - MediaMTX_VMS - INFO - [grid_widget.py:247] - Stopping all streams
2025-12-15 11:25:50 - MediaMTX_VMS - INFO - [main_window.py:383] - Application closing
2025-12-15 11:25:50 - MediaMTX_VMS - INFO - [main.py:118] - Application exiting with code: 0
2025-12-15 11:25:50 - MediaMTX_VMS - INFO - [main.py:119] - ================================================================================
2025-12-15 11:26:19 - MediaMTX_VMS - INFO - [logger.py:62] - ================================================================================
2025-12-15 11:26:19 - MediaMTX_VMS - INFO - [logger.py:63] - MediaMTX VMS Client v2.0 - Logger initialized
2025-12-15 11:26:19 - MediaMTX_VMS - INFO - [logger.py:64] - Log file: logs\app_20251215.log
2025-12-15 11:26:19 - MediaMTX_VMS - INFO - [logger.py:65] - ================================================================================
2025-12-15 11:26:19 - MediaMTX_VMS - INFO - [config.py:40] - Configuration loaded from config.json
2025-12-15 11:26:19 - MediaMTX_VMS - INFO - [camera_manager.py:28] - Loading 4 cameras from config
2025-12-15 11:26:19 - MediaMTX_VMS - INFO - [nvr_manager.py:28] - Loading 0 NVRs from config
2025-12-15 11:26:21 - MediaMTX_VMS - INFO - [main.py:96] - ================================================================================
2025-12-15 11:26:21 - MediaMTX_VMS - INFO - [main.py:97] - MediaMTX VMS Client v2.0 - Starting
2025-12-15 11:26:21 - MediaMTX_VMS - INFO - [main.py:98] - ================================================================================
2025-12-15 11:26:21 - MediaMTX_VMS - INFO - [main.py:47] - Stylesheet loaded successfully
2025-12-15 11:26:21 - MediaMTX_VMS - INFO - [grid_widget.py:85] - Created 2x2 grid with 4 cells
2025-12-15 11:26:21 - MediaMTX_VMS - DEBUG - [resource_tree.py:130] - Resource tree loaded: 4 cameras, 0 NVRs
2025-12-15 11:26:21 - MediaMTX_VMS - DEBUG - [event_log.py:151] - Event logged: [Info] : Application started
2025-12-15 11:26:21 - MediaMTX_VMS - INFO - [main_window.py:56] - MainWindow initialized
2025-12-15 11:26:24 - MediaMTX_VMS - INFO - [main.py:110] - Main window displayed
2025-12-15 11:26:37 - MediaMTX_VMS - DEBUG - [event_log.py:151] - Event logged: [Info] 62738212-6a88-4302-9f18-c0859dea54e7: Camera removed from grid and map
2025-12-15 11:27:14 - MediaMTX_VMS - INFO - [logger.py:62] - ================================================================================
2025-12-15 11:27:14 - MediaMTX_VMS - INFO - [logger.py:63] - MediaMTX VMS Client v2.0 - Logger initialized
2025-12-15 11:27:14 - MediaMTX_VMS - INFO - [logger.py:64] - Log file: logs\app_20251215.log
2025-12-15 11:27:14 - MediaMTX_VMS - INFO - [logger.py:65] - ================================================================================
2025-12-15 11:27:14 - MediaMTX_VMS - INFO - [config.py:40] - Configuration loaded from config.json
2025-12-15 11:27:14 - MediaMTX_VMS - INFO - [camera_manager.py:28] - Loading 4 cameras from config
2025-12-15 11:27:14 - MediaMTX_VMS - INFO - [nvr_manager.py:28] - Loading 0 NVRs from config
2025-12-15 11:27:15 - MediaMTX_VMS - INFO - [main.py:96] - ================================================================================
2025-12-15 11:27:15 - MediaMTX_VMS - INFO - [main.py:97] - MediaMTX VMS Client v2.0 - Starting
2025-12-15 11:27:15 - MediaMTX_VMS - INFO - [main.py:98] - ================================================================================
2025-12-15 11:27:15 - MediaMTX_VMS - INFO - [main.py:47] - Stylesheet loaded successfully
2025-12-15 11:27:15 - MediaMTX_VMS - INFO - [grid_widget.py:85] - Created 2x2 grid with 4 cells
2025-12-15 11:27:15 - MediaMTX_VMS - DEBUG - [resource_tree.py:177] - Resource tree loaded: 4 cameras, 0 NVRs
2025-12-15 11:27:15 - MediaMTX_VMS - DEBUG - [event_log.py:151] - Event logged: [Info] : Application started
2025-12-15 11:27:15 - MediaMTX_VMS - INFO - [main_window.py:56] - MainWindow initialized
2025-12-15 11:27:18 - MediaMTX_VMS - INFO - [main.py:110] - Main window displayed
2025-12-15 11:27:35 - MediaMTX_VMS - DEBUG - [config.py:113] - Config set: emap.cameras = []
2025-12-15 11:27:35 - MediaMTX_VMS - DEBUG - [config.py:63] - Configuration saved
2025-12-15 11:27:35 - MediaMTX_VMS - DEBUG - [config.py:113] - Config set: emap.background = C:/Users/Windows 11 Pro/Pictures/Feedback/{4CA30FA2-3B7A-47FB-9AE4-5242A462EF31}/Capture001.png
2025-12-15 11:27:35 - MediaMTX_VMS - DEBUG - [config.py:63] - Configuration saved
2025-12-15 11:27:35 - MediaMTX_VMS - DEBUG - [config.py:63] - Configuration saved
2025-12-15 11:27:35 - MediaMTX_VMS - DEBUG - [emap_widget.py:247] - E-Map config saved
2025-12-15 11:35:32 - MediaMTX_VMS - INFO - [logger.py:62] - ================================================================================
2025-12-15 11:35:32 - MediaMTX_VMS - INFO - [logger.py:63] - MediaMTX VMS Client v2.0 - Logger initialized
2025-12-15 11:35:32 - MediaMTX_VMS - INFO - [logger.py:64] - Log file: logs\app_20251215.log
2025-12-15 11:35:32 - MediaMTX_VMS - INFO - [logger.py:65] - ================================================================================
2025-12-15 11:35:32 - MediaMTX_VMS - INFO - [config.py:40] - Configuration loaded from config.json
2025-12-15 11:35:32 - MediaMTX_VMS - INFO - [camera_manager.py:28] - Loading 4 cameras from config
2025-12-15 11:35:32 - MediaMTX_VMS - INFO - [nvr_manager.py:28] - Loading 0 NVRs from config
2025-12-15 11:35:34 - MediaMTX_VMS - INFO - [main.py:96] - ================================================================================
2025-12-15 11:35:34 - MediaMTX_VMS - INFO - [main.py:97] - MediaMTX VMS Client v2.0 - Starting
2025-12-15 11:35:34 - MediaMTX_VMS - INFO - [main.py:98] - ================================================================================
2025-12-15 11:35:34 - MediaMTX_VMS - INFO - [main.py:47] - Stylesheet loaded successfully
2025-12-15 11:35:34 - MediaMTX_VMS - INFO - [grid_widget.py:85] - Created 2x2 grid with 4 cells
2025-12-15 11:35:34 - MediaMTX_VMS - DEBUG - [resource_tree.py:177] - Resource tree loaded: 4 cameras, 0 NVRs
2025-12-15 11:35:34 - MediaMTX_VMS - DEBUG - [event_log.py:151] - Event logged: [Info] : Application started
2025-12-15 11:37:44 - MediaMTX_VMS - INFO - [logger.py:62] - ================================================================================
2025-12-15 11:37:44 - MediaMTX_VMS - INFO - [logger.py:63] - MediaMTX VMS Client v2.0 - Logger initialized
2025-12-15 11:37:44 - MediaMTX_VMS - INFO - [logger.py:64] - Log file: logs\app_20251215.log
2025-12-15 11:37:44 - MediaMTX_VMS - INFO - [logger.py:65] - ================================================================================
2025-12-15 11:37:44 - MediaMTX_VMS - INFO - [config.py:40] - Configuration loaded from config.json
2025-12-15 11:37:44 - MediaMTX_VMS - INFO - [camera_manager.py:28] - Loading 4 cameras from config
2025-12-15 11:37:44 - MediaMTX_VMS - INFO - [nvr_manager.py:28] - Loading 0 NVRs from config
2025-12-15 11:37:45 - MediaMTX_VMS - INFO - [main.py:96] - ================================================================================
2025-12-15 11:37:45 - MediaMTX_VMS - INFO - [main.py:97] - MediaMTX VMS Client v2.0 - Starting
2025-12-15 11:37:45 - MediaMTX_VMS - INFO - [main.py:98] - ================================================================================
2025-12-15 11:37:45 - MediaMTX_VMS - INFO - [main.py:47] - Stylesheet loaded successfully
2025-12-15 11:37:45 - MediaMTX_VMS - DEBUG - [config.py:113] - Config set: settings.theme = dark
2025-12-15 11:37:45 - MediaMTX_VMS - DEBUG - [config.py:63] - Configuration saved
2025-12-15 11:37:45 - MediaMTX_VMS - INFO - [theme_manager.py:227] - Theme set to: dark
2025-12-15 11:39:29 - MediaMTX_VMS - INFO - [logger.py:62] - ================================================================================
2025-12-15 11:39:29 - MediaMTX_VMS - INFO - [logger.py:63] - MediaMTX VMS Client v2.0 - Logger initialized
2025-12-15 11:39:29 - MediaMTX_VMS - INFO - [logger.py:64] - Log file: logs\app_20251215.log
2025-12-15 11:39:29 - MediaMTX_VMS - INFO - [logger.py:65] - ================================================================================
2025-12-15 11:39:29 - MediaMTX_VMS - INFO - [config.py:40] - Configuration loaded from config.json
2025-12-15 11:39:29 - MediaMTX_VMS - INFO - [camera_manager.py:28] - Loading 4 cameras from config
2025-12-15 11:39:29 - MediaMTX_VMS - INFO - [nvr_manager.py:28] - Loading 0 NVRs from config
2025-12-15 11:39:30 - MediaMTX_VMS - INFO - [main.py:96] - ================================================================================
2025-12-15 11:39:30 - MediaMTX_VMS - INFO - [main.py:97] - MediaMTX VMS Client v2.0 - Starting
2025-12-15 11:39:30 - MediaMTX_VMS - INFO - [main.py:98] - ================================================================================
2025-12-15 11:39:30 - MediaMTX_VMS - INFO - [main.py:47] - Stylesheet loaded successfully
2025-12-15 11:39:30 - MediaMTX_VMS - DEBUG - [config.py:113] - Config set: settings.theme = dark
2025-12-15 11:39:30 - MediaMTX_VMS - DEBUG - [config.py:63] - Configuration saved
2025-12-15 11:39:30 - MediaMTX_VMS - INFO - [theme_manager.py:227] - Theme set to: dark
2025-12-15 11:40:48 - MediaMTX_VMS - INFO - [logger.py:62] - ================================================================================
2025-12-15 11:40:48 - MediaMTX_VMS - INFO - [logger.py:63] - MediaMTX VMS Client v2.0 - Logger initialized
2025-12-15 11:40:48 - MediaMTX_VMS - INFO - [logger.py:64] - Log file: logs\app_20251215.log
2025-12-15 11:40:48 - MediaMTX_VMS - INFO - [logger.py:65] - ================================================================================
2025-12-15 11:40:48 - MediaMTX_VMS - INFO - [config.py:40] - Configuration loaded from config.json
2025-12-15 11:40:48 - MediaMTX_VMS - INFO - [camera_manager.py:28] - Loading 4 cameras from config
2025-12-15 11:40:48 - MediaMTX_VMS - INFO - [nvr_manager.py:28] - Loading 0 NVRs from config
2025-12-15 11:40:49 - MediaMTX_VMS - INFO - [main.py:96] - ================================================================================
2025-12-15 11:40:49 - MediaMTX_VMS - INFO - [main.py:97] - MediaMTX VMS Client v2.0 - Starting
2025-12-15 11:40:49 - MediaMTX_VMS - INFO - [main.py:98] - ================================================================================
2025-12-15 11:40:49 - MediaMTX_VMS - INFO - [main.py:47] - Stylesheet loaded successfully
2025-12-15 11:40:49 - MediaMTX_VMS - DEBUG - [config.py:113] - Config set: settings.theme = dark
2025-12-15 11:40:49 - MediaMTX_VMS - DEBUG - [config.py:63] - Configuration saved
2025-12-15 11:40:49 - MediaMTX_VMS - INFO - [theme_manager.py:227] - Theme set to: dark
2025-12-15 11:41:56 - MediaMTX_VMS - INFO - [logger.py:62] - ================================================================================
2025-12-15 11:41:56 - MediaMTX_VMS - INFO - [logger.py:63] - MediaMTX VMS Client v2.0 - Logger initialized
2025-12-15 11:41:56 - MediaMTX_VMS - INFO - [logger.py:64] - Log file: logs\app_20251215.log
2025-12-15 11:41:56 - MediaMTX_VMS - INFO - [logger.py:65] - ================================================================================
2025-12-15 11:41:56 - MediaMTX_VMS - INFO - [config.py:40] - Configuration loaded from config.json
2025-12-15 11:41:56 - MediaMTX_VMS - INFO - [camera_manager.py:28] - Loading 4 cameras from config
2025-12-15 11:41:56 - MediaMTX_VMS - INFO - [nvr_manager.py:28] - Loading 0 NVRs from config
2025-12-15 11:41:58 - MediaMTX_VMS - INFO - [main.py:96] - ================================================================================
2025-12-15 11:41:58 - MediaMTX_VMS - INFO - [main.py:97] - MediaMTX VMS Client v2.0 - Starting
2025-12-15 11:41:58 - MediaMTX_VMS - INFO - [main.py:98] - ================================================================================
2025-12-15 11:41:58 - MediaMTX_VMS - INFO - [main.py:47] - Stylesheet loaded successfully
2025-12-15 11:41:58 - MediaMTX_VMS - DEBUG - [config.py:113] - Config set: settings.theme = dark
2025-12-15 11:41:58 - MediaMTX_VMS - DEBUG - [config.py:63] - Configuration saved
2025-12-15 11:41:58 - MediaMTX_VMS - INFO - [theme_manager.py:227] - Theme set to: dark
2025-12-15 11:42:57 - MediaMTX_VMS - INFO - [logger.py:62] - ================================================================================
2025-12-15 11:42:57 - MediaMTX_VMS - INFO - [logger.py:63] - MediaMTX VMS Client v2.0 - Logger initialized
2025-12-15 11:42:57 - MediaMTX_VMS - INFO - [logger.py:64] - Log file: logs\app_20251215.log
2025-12-15 11:42:57 - MediaMTX_VMS - INFO - [logger.py:65] - ================================================================================
2025-12-15 11:42:57 - MediaMTX_VMS - INFO - [config.py:40] - Configuration loaded from config.json
2025-12-15 11:42:57 - MediaMTX_VMS - INFO - [camera_manager.py:28] - Loading 4 cameras from config
2025-12-15 11:42:57 - MediaMTX_VMS - INFO - [nvr_manager.py:28] - Loading 0 NVRs from config
2025-12-15 11:42:58 - MediaMTX_VMS - INFO - [main.py:96] - ================================================================================
2025-12-15 11:42:58 - MediaMTX_VMS - INFO - [main.py:97] - MediaMTX VMS Client v2.0 - Starting
2025-12-15 11:42:58 - MediaMTX_VMS - INFO - [main.py:98] - ================================================================================
2025-12-15 11:42:58 - MediaMTX_VMS - INFO - [main.py:47] - Stylesheet loaded successfully
2025-12-15 11:42:58 - MediaMTX_VMS - DEBUG - [config.py:113] - Config set: settings.theme = dark
2025-12-15 11:42:58 - MediaMTX_VMS - DEBUG - [config.py:63] - Configuration saved
2025-12-15 11:42:58 - MediaMTX_VMS - INFO - [theme_manager.py:227] - Theme set to: dark
2025-12-15 11:42:58 - MediaMTX_VMS - DEBUG - [resource_tree.py:177] - Resource tree loaded: 4 cameras, 0 NVRs
2025-12-15 11:42:58 - MediaMTX_VMS - DEBUG - [event_log.py:151] - Event logged: [Info] : Application started
2025-12-15 11:42:58 - MediaMTX_VMS - DEBUG - [resource_monitor.py:48] - Resource monitoring started
2025-12-15 11:42:58 - MediaMTX_VMS - INFO - [main_window.py:53] - MainWindow initialized
2025-12-15 11:44:58 - MediaMTX_VMS - INFO - [logger.py:62] - ================================================================================
2025-12-15 11:44:58 - MediaMTX_VMS - INFO - [logger.py:63] - MediaMTX VMS Client v2.0 - Logger initialized
2025-12-15 11:44:58 - MediaMTX_VMS - INFO - [logger.py:64] - Log file: logs\app_20251215.log
2025-12-15 11:44:58 - MediaMTX_VMS - INFO - [logger.py:65] - ================================================================================
2025-12-15 11:44:58 - MediaMTX_VMS - INFO - [config.py:40] - Configuration loaded from config.json
2025-12-15 11:44:58 - MediaMTX_VMS - INFO - [camera_manager.py:28] - Loading 4 cameras from config
2025-12-15 11:44:58 - MediaMTX_VMS - INFO - [nvr_manager.py:28] - Loading 0 NVRs from config
2025-12-15 11:45:00 - MediaMTX_VMS - INFO - [main.py:96] - ================================================================================
2025-12-15 11:45:00 - MediaMTX_VMS - INFO - [main.py:97] - MediaMTX VMS Client v2.0 - Starting
2025-12-15 11:45:00 - MediaMTX_VMS - INFO - [main.py:98] - ================================================================================
2025-12-15 11:45:00 - MediaMTX_VMS - INFO - [main.py:47] - Stylesheet loaded successfully
2025-12-15 11:45:00 - MediaMTX_VMS - DEBUG - [config.py:113] - Config set: settings.theme = dark
2025-12-15 11:45:00 - MediaMTX_VMS - DEBUG - [config.py:63] - Configuration saved
2025-12-15 11:45:00 - MediaMTX_VMS - INFO - [theme_manager.py:227] - Theme set to: dark
2025-12-15 11:45:00 - MediaMTX_VMS - INFO - [grid_widget.py:85] - Created 2x2 grid with 4 cells
2025-12-15 11:45:00 - MediaMTX_VMS - DEBUG - [resource_tree.py:177] - Resource tree loaded: 4 cameras, 0 NVRs
2025-12-15 11:45:00 - MediaMTX_VMS - DEBUG - [event_log.py:151] - Event logged: [Info] : Application started
2025-12-15 11:45:00 - MediaMTX_VMS - DEBUG - [resource_monitor.py:48] - Resource monitoring started
2025-12-15 11:45:00 - MediaMTX_VMS - INFO - [main_window.py:53] - MainWindow initialized
2025-12-15 11:45:03 - MediaMTX_VMS - INFO - [main.py:110] - Main window displayed
2025-12-15 11:45:07 - MediaMTX_VMS - DEBUG - [resource_tree.py:177] - Resource tree loaded: 4 cameras, 0 NVRs
2025-12-15 11:45:19 - MediaMTX_VMS - DEBUG - [resource_tree.py:177] - Resource tree loaded: 4 cameras, 0 NVRs
2025-12-15 11:45:21 - MediaMTX_VMS - INFO - [grid_widget.py:247] - Stopping all streams
2025-12-15 11:45:21 - MediaMTX_VMS - INFO - [main_window.py:61] - Application closing
2025-12-15 11:45:21 - MediaMTX_VMS - INFO - [main.py:118] - Application exiting with code: 0
2025-12-15 11:45:21 - MediaMTX_VMS - INFO - [main.py:119] - ================================================================================
2025-12-15 12:30:52 - MediaMTX_VMS - INFO - [logger.py:62] - ================================================================================
2025-12-15 12:30:52 - MediaMTX_VMS - INFO - [logger.py:63] - MediaMTX VMS Client v2.0 - Logger initialized
2025-12-15 12:30:52 - MediaMTX_VMS - INFO - [logger.py:64] - Log file: logs\app_20251215.log
2025-12-15 12:30:52 - MediaMTX_VMS - INFO - [logger.py:65] - ================================================================================
2025-12-15 12:30:52 - MediaMTX_VMS - INFO - [config.py:40] - Configuration loaded from config.json
2025-12-15 12:30:52 - MediaMTX_VMS - INFO - [camera_manager.py:28] - Loading 4 cameras from config
2025-12-15 12:30:52 - MediaMTX_VMS - INFO - [nvr_manager.py:28] - Loading 0 NVRs from config
2025-12-15 12:30:53 - MediaMTX_VMS - INFO - [main.py:96] - ================================================================================
2025-12-15 12:30:53 - MediaMTX_VMS - INFO - [main.py:97] - MediaMTX VMS Client v2.0 - Starting
2025-12-15 12:30:53 - MediaMTX_VMS - INFO - [main.py:98] - ================================================================================
2025-12-15 12:30:53 - MediaMTX_VMS - INFO - [main.py:47] - Stylesheet loaded successfully
2025-12-15 12:30:53 - MediaMTX_VMS - DEBUG - [config.py:113] - Config set: settings.theme = dark
2025-12-15 12:30:53 - MediaMTX_VMS - DEBUG - [config.py:63] - Configuration saved
2025-12-15 12:30:53 - MediaMTX_VMS - INFO - [theme_manager.py:227] - Theme set to: dark
2025-12-15 12:30:53 - MediaMTX_VMS - INFO - [grid_widget.py:85] - Created 2x2 grid with 4 cells
2025-12-15 12:30:53 - MediaMTX_VMS - DEBUG - [resource_tree.py:177] - Resource tree loaded: 4 cameras, 0 NVRs
2025-12-15 12:30:53 - MediaMTX_VMS - DEBUG - [event_log.py:151] - Event logged: [Info] : Application started
2025-12-15 12:30:53 - MediaMTX_VMS - DEBUG - [resource_monitor.py:48] - Resource monitoring started
2025-12-15 12:30:53 - MediaMTX_VMS - INFO - [main_window.py:53] - MainWindow initialized
2025-12-15 12:30:56 - MediaMTX_VMS - INFO - [main.py:110] - Main window displayed
2025-12-15 12:31:05 - MediaMTX_VMS - DEBUG - [event_log.py:151] - Event logged: [Info] 62738212-6a88-4302-9f18-c0859dea54e7: Camera removed from grid and map
2025-12-15 12:37:19 - MediaMTX_VMS - INFO - [logger.py:62] - ================================================================================
2025-12-15 12:37:19 - MediaMTX_VMS - INFO - [logger.py:63] - MediaMTX VMS Client v2.0 - Logger initialized
2025-12-15 12:37:19 - MediaMTX_VMS - INFO - [logger.py:64] - Log file: logs\app_20251215.log
2025-12-15 12:37:19 - MediaMTX_VMS - INFO - [logger.py:65] - ================================================================================
2025-12-15 12:37:19 - MediaMTX_VMS - INFO - [config.py:40] - Configuration loaded from config.json
2025-12-15 12:37:19 - MediaMTX_VMS - INFO - [camera_manager.py:28] - Loading 4 cameras from config
2025-12-15 12:37:19 - MediaMTX_VMS - INFO - [nvr_manager.py:28] - Loading 0 NVRs from config
2025-12-15 12:37:21 - MediaMTX_VMS - INFO - [main.py:96] - ================================================================================
2025-12-15 12:37:21 - MediaMTX_VMS - INFO - [main.py:97] - MediaMTX VMS Client v2.0 - Starting
2025-12-15 12:37:21 - MediaMTX_VMS - INFO - [main.py:98] - ================================================================================
2025-12-15 12:37:21 - MediaMTX_VMS - INFO - [main.py:47] - Stylesheet loaded successfully
2025-12-15 12:37:21 - MediaMTX_VMS - DEBUG - [config.py:113] - Config set: settings.theme = dark
2025-12-15 12:37:21 - MediaMTX_VMS - DEBUG - [config.py:63] - Configuration saved
2025-12-15 12:37:21 - MediaMTX_VMS - INFO - [theme_manager.py:227] - Theme set to: dark
2025-12-15 12:37:21 - MediaMTX_VMS - INFO - [grid_widget.py:85] - Created 2x2 grid with 4 cells
2025-12-15 12:37:21 - MediaMTX_VMS - DEBUG - [resource_tree.py:177] - Resource tree loaded: 4 cameras, 0 NVRs
2025-12-15 12:37:21 - MediaMTX_VMS - DEBUG - [event_log.py:151] - Event logged: [Info] : Application started
2025-12-15 12:37:21 - MediaMTX_VMS - DEBUG - [resource_monitor.py:48] - Resource monitoring started
2025-12-15 12:37:21 - MediaMTX_VMS - INFO - [main_window.py:53] - MainWindow initialized
2025-12-15 12:37:25 - MediaMTX_VMS - INFO - [main.py:110] - Main window displayed
2025-12-15 12:37:31 - MediaMTX_VMS - DEBUG - [event_log.py:151] - Event logged: [Info] 4609503c-8e17-4cf5-91bf-919edf9a326d: Camera removed from grid and map
2025-12-15 12:38:43 - MediaMTX_VMS - INFO - [logger.py:62] - ================================================================================
2025-12-15 12:38:43 - MediaMTX_VMS - INFO - [logger.py:63] - MediaMTX VMS Client v2.0 - Logger initialized
2025-12-15 12:38:43 - MediaMTX_VMS - INFO - [logger.py:64] - Log file: logs\app_20251215.log
2025-12-15 12:38:43 - MediaMTX_VMS - INFO - [logger.py:65] - ================================================================================
2025-12-15 12:38:43 - MediaMTX_VMS - INFO - [config.py:40] - Configuration loaded from config.json
2025-12-15 12:38:43 - MediaMTX_VMS - INFO - [camera_manager.py:28] - Loading 4 cameras from config
2025-12-15 12:38:43 - MediaMTX_VMS - INFO - [nvr_manager.py:28] - Loading 0 NVRs from config
2025-12-15 12:38:45 - MediaMTX_VMS - INFO - [main.py:96] - ================================================================================
2025-12-15 12:38:45 - MediaMTX_VMS - INFO - [main.py:97] - MediaMTX VMS Client v2.0 - Starting
2025-12-15 12:38:45 - MediaMTX_VMS - INFO - [main.py:98] - ================================================================================
2025-12-15 12:38:45 - MediaMTX_VMS - INFO - [main.py:47] - Stylesheet loaded successfully
2025-12-15 12:38:45 - MediaMTX_VMS - DEBUG - [config.py:113] - Config set: settings.theme = dark
2025-12-15 12:38:45 - MediaMTX_VMS - DEBUG - [config.py:63] - Configuration saved
2025-12-15 12:38:45 - MediaMTX_VMS - INFO - [theme_manager.py:227] - Theme set to: dark
2025-12-15 12:38:45 - MediaMTX_VMS - INFO - [grid_widget.py:85] - Created 2x2 grid with 4 cells
2025-12-15 12:38:45 - MediaMTX_VMS - DEBUG - [resource_tree.py:177] - Resource tree loaded: 4 cameras, 0 NVRs
2025-12-15 12:38:45 - MediaMTX_VMS - DEBUG - [event_log.py:151] - Event logged: [Info] : Application started
2025-12-15 12:38:45 - MediaMTX_VMS - DEBUG - [resource_monitor.py:48] - Resource monitoring started
2025-12-15 12:38:45 - MediaMTX_VMS - INFO - [main_window.py:53] - MainWindow initialized
2025-12-15 12:38:48 - MediaMTX_VMS - INFO - [main.py:110] - Main window displayed
2025-12-15 12:39:18 - MediaMTX_VMS - DEBUG - [resource_tree.py:177] - Resource tree loaded: 4 cameras, 0 NVRs
2025-12-15 12:39:23 - MediaMTX_VMS - INFO - [grid_widget.py:247] - Stopping all streams
2025-12-15 12:39:23 - MediaMTX_VMS - INFO - [main_window.py:61] - Application closing
2025-12-15 12:39:23 - MediaMTX_VMS - INFO - [main.py:118] - Application exiting with code: 0
2025-12-15 12:39:23 - MediaMTX_VMS - INFO - [main.py:119] - ================================================================================
2025-12-15 12:41:11 - MediaMTX_VMS - INFO - [logger.py:62] - ================================================================================
2025-12-15 12:41:11 - MediaMTX_VMS - INFO - [logger.py:63] - MediaMTX VMS Client v2.0 - Logger initialized
2025-12-15 12:41:11 - MediaMTX_VMS - INFO - [logger.py:64] - Log file: logs\app_20251215.log
2025-12-15 12:41:11 - MediaMTX_VMS - INFO - [logger.py:65] - ================================================================================
2025-12-15 12:41:11 - MediaMTX_VMS - INFO - [config.py:40] - Configuration loaded from config.json
2025-12-15 12:41:11 - MediaMTX_VMS - INFO - [camera_manager.py:28] - Loading 4 cameras from config
2025-12-15 12:41:11 - MediaMTX_VMS - INFO - [nvr_manager.py:28] - Loading 0 NVRs from config
2025-12-15 12:41:13 - MediaMTX_VMS - INFO - [main.py:96] - ================================================================================
2025-12-15 12:41:13 - MediaMTX_VMS - INFO - [main.py:97] - MediaMTX VMS Client v2.0 - Starting
2025-12-15 12:41:13 - MediaMTX_VMS - INFO - [main.py:98] - ================================================================================
2025-12-15 12:41:13 - MediaMTX_VMS - INFO - [main.py:47] - Stylesheet loaded successfully
2025-12-15 12:41:13 - MediaMTX_VMS - DEBUG - [config.py:113] - Config set: settings.theme = dark
2025-12-15 12:41:13 - MediaMTX_VMS - DEBUG - [config.py:63] - Configuration saved
2025-12-15 12:41:13 - MediaMTX_VMS - INFO - [theme_manager.py:227] - Theme set to: dark
2025-12-15 12:41:13 - MediaMTX_VMS - INFO - [grid_widget.py:85] - Created 2x2 grid with 4 cells
2025-12-15 12:41:13 - MediaMTX_VMS - DEBUG - [resource_tree.py:177] - Resource tree loaded: 4 cameras, 0 NVRs
2025-12-15 12:41:13 - MediaMTX_VMS - DEBUG - [event_log.py:151] - Event logged: [Info] : Application started
2025-12-15 12:41:14 - MediaMTX_VMS - DEBUG - [resource_monitor.py:48] - Resource monitoring started
2025-12-15 12:41:14 - MediaMTX_VMS - INFO - [main_window.py:53] - MainWindow initialized
2025-12-15 12:41:16 - MediaMTX_VMS - INFO - [main.py:110] - Main window displayed
2025-12-15 12:41:24 - MediaMTX_VMS - DEBUG - [resource_tree.py:294] - [HANG_DEBUG] Emitting camera_deleted for b348c896-0e69-4198-996a-43b3f5925a8b
2025-12-15 12:41:24 - MediaMTX_VMS - DEBUG - [main_window.py:362] - [HANG_DEBUG] _on_camera_deleted start for b348c896-0e69-4198-996a-43b3f5925a8b
2025-12-15 12:41:24 - MediaMTX_VMS - DEBUG - [main_window.py:367] - [HANG_DEBUG] grid_widget removed b348c896-0e69-4198-996a-43b3f5925a8b
2025-12-15 12:41:24 - MediaMTX_VMS - DEBUG - [main_window.py:374] - [HANG_DEBUG] emap_widget removed b348c896-0e69-4198-996a-43b3f5925a8b
2025-12-15 12:41:25 - MediaMTX_VMS - DEBUG - [main_window.py:381] - [HANG_DEBUG] ptz_widget cleared
2025-12-15 12:41:25 - MediaMTX_VMS - DEBUG - [event_log.py:151] - Event logged: [Info] b348c896-0e69-4198-996a-43b3f5925a8b: Camera removed from grid and map
2025-12-15 12:41:25 - MediaMTX_VMS - DEBUG - [main_window.py:386] - [HANG_DEBUG] _on_camera_deleted done
2025-12-15 12:41:25 - MediaMTX_VMS - DEBUG - [resource_tree.py:296] - [HANG_DEBUG] camera_deleted signal emitted
2025-12-15 12:41:25 - MediaMTX_VMS - DEBUG - [resource_tree.py:298] - [HANG_DEBUG] Removing from camera_manager
2025-12-15 12:43:10 - MediaMTX_VMS - INFO - [logger.py:62] - ================================================================================
2025-12-15 12:43:10 - MediaMTX_VMS - INFO - [logger.py:63] - MediaMTX VMS Client v2.0 - Logger initialized
2025-12-15 12:43:10 - MediaMTX_VMS - INFO - [logger.py:64] - Log file: logs\app_20251215.log
2025-12-15 12:43:10 - MediaMTX_VMS - INFO - [logger.py:65] - ================================================================================
2025-12-15 12:43:10 - MediaMTX_VMS - INFO - [config.py:40] - Configuration loaded from config.json
2025-12-15 12:43:10 - MediaMTX_VMS - INFO - [camera_manager.py:28] - Loading 4 cameras from config
2025-12-15 12:43:10 - MediaMTX_VMS - INFO - [nvr_manager.py:28] - Loading 0 NVRs from config
2025-12-15 12:43:12 - MediaMTX_VMS - INFO - [main.py:96] - ================================================================================
2025-12-15 12:43:12 - MediaMTX_VMS - INFO - [main.py:97] - MediaMTX VMS Client v2.0 - Starting
2025-12-15 12:43:12 - MediaMTX_VMS - INFO - [main.py:98] - ================================================================================
2025-12-15 12:43:12 - MediaMTX_VMS - INFO - [main.py:47] - Stylesheet loaded successfully
2025-12-15 12:43:12 - MediaMTX_VMS - DEBUG - [config.py:113] - Config set: settings.theme = dark
2025-12-15 12:43:12 - MediaMTX_VMS - DEBUG - [config.py:63] - Configuration saved
2025-12-15 12:43:12 - MediaMTX_VMS - INFO - [theme_manager.py:227] - Theme set to: dark
2025-12-15 12:43:12 - MediaMTX_VMS - INFO - [grid_widget.py:85] - Created 2x2 grid with 4 cells
2025-12-15 12:43:12 - MediaMTX_VMS - DEBUG - [resource_tree.py:177] - Resource tree loaded: 4 cameras, 0 NVRs
2025-12-15 12:43:12 - MediaMTX_VMS - DEBUG - [event_log.py:151] - Event logged: [Info] : Application started
2025-12-15 12:43:12 - MediaMTX_VMS - DEBUG - [resource_monitor.py:48] - Resource monitoring started
2025-12-15 12:43:12 - MediaMTX_VMS - INFO - [main_window.py:53] - MainWindow initialized
2025-12-15 12:43:15 - MediaMTX_VMS - INFO - [main.py:110] - Main window displayed
2025-12-15 12:43:19 - MediaMTX_VMS - DEBUG - [resource_tree.py:294] - [HANG_DEBUG] Emitting camera_deleted for 4609503c-8e17-4cf5-91bf-919edf9a326d
2025-12-15 12:43:19 - MediaMTX_VMS - DEBUG - [main_window.py:362] - [HANG_DEBUG] _on_camera_deleted start for 4609503c-8e17-4cf5-91bf-919edf9a326d
2025-12-15 12:43:19 - MediaMTX_VMS - DEBUG - [main_window.py:367] - [HANG_DEBUG] grid_widget removed 4609503c-8e17-4cf5-91bf-919edf9a326d
2025-12-15 12:43:19 - MediaMTX_VMS - DEBUG - [main_window.py:374] - [HANG_DEBUG] emap_widget removed 4609503c-8e17-4cf5-91bf-919edf9a326d
2025-12-15 12:43:19 - MediaMTX_VMS - DEBUG - [main_window.py:381] - [HANG_DEBUG] ptz_widget cleared
2025-12-15 12:43:19 - MediaMTX_VMS - DEBUG - [event_log.py:151] - Event logged: [Info] 4609503c-8e17-4cf5-91bf-919edf9a326d: Camera removed from grid and map
2025-12-15 12:43:19 - MediaMTX_VMS - DEBUG - [main_window.py:386] - [HANG_DEBUG] _on_camera_deleted done
2025-12-15 12:43:19 - MediaMTX_VMS - DEBUG - [resource_tree.py:296] - [HANG_DEBUG] camera_deleted signal emitted
2025-12-15 12:43:19 - MediaMTX_VMS - DEBUG - [resource_tree.py:298] - [HANG_DEBUG] Removing from camera_manager
2025-12-15 12:43:19 - MediaMTX_VMS - DEBUG - [config.py:63] - Configuration saved
2025-12-15 12:43:19 - MediaMTX_VMS - INFO - [camera_manager.py:124] - Removed camera: RTSP Server (localhost) (4609503c-8e17-4cf5-91bf-919edf9a326d)
2025-12-15 12:43:19 - MediaMTX_VMS - DEBUG - [resource_tree.py:300] - [HANG_DEBUG] Removed from camera_manager
2025-12-15 12:43:19 - MediaMTX_VMS - DEBUG - [resource_tree.py:177] - Resource tree loaded: 3 cameras, 0 NVRs
2025-12-15 12:43:19 - MediaMTX_VMS - DEBUG - [resource_tree.py:303] - [HANG_DEBUG] Tree reloaded
2025-12-15 12:43:22 - MediaMTX_VMS - DEBUG - [resource_tree.py:294] - [HANG_DEBUG] Emitting camera_deleted for 481e46cf-f6bd-4f7b-9084-7f657e131a68
2025-12-15 12:43:23 - MediaMTX_VMS - DEBUG - [main_window.py:362] - [HANG_DEBUG] _on_camera_deleted start for 481e46cf-f6bd-4f7b-9084-7f657e131a68
2025-12-15 12:43:23 - MediaMTX_VMS - DEBUG - [main_window.py:367] - [HANG_DEBUG] grid_widget removed 481e46cf-f6bd-4f7b-9084-7f657e131a68
2025-12-15 12:43:23 - MediaMTX_VMS - DEBUG - [main_window.py:374] - [HANG_DEBUG] emap_widget removed 481e46cf-f6bd-4f7b-9084-7f657e131a68
2025-12-15 12:43:23 - MediaMTX_VMS - DEBUG - [main_window.py:381] - [HANG_DEBUG] ptz_widget cleared
2025-12-15 12:43:23 - MediaMTX_VMS - DEBUG - [event_log.py:151] - Event logged: [Info] 481e46cf-f6bd-4f7b-9084-7f657e131a68: Camera removed from grid and map
2025-12-15 12:43:23 - MediaMTX_VMS - DEBUG - [main_window.py:386] - [HANG_DEBUG] _on_camera_deleted done
2025-12-15 12:43:23 - MediaMTX_VMS - DEBUG - [resource_tree.py:296] - [HANG_DEBUG] camera_deleted signal emitted
2025-12-15 12:43:23 - MediaMTX_VMS - DEBUG - [resource_tree.py:298] - [HANG_DEBUG] Removing from camera_manager
2025-12-15 12:43:23 - MediaMTX_VMS - DEBUG - [config.py:63] - Configuration saved
2025-12-15 12:43:23 - MediaMTX_VMS - INFO - [camera_manager.py:124] - Removed camera: RTSP Server (127.0.0.1) (481e46cf-f6bd-4f7b-9084-7f657e131a68)
2025-12-15 12:43:23 - MediaMTX_VMS - DEBUG - [resource_tree.py:300] - [HANG_DEBUG] Removed from camera_manager
2025-12-15 12:43:23 - MediaMTX_VMS - DEBUG - [resource_tree.py:177] - Resource tree loaded: 2 cameras, 0 NVRs
2025-12-15 12:43:23 - MediaMTX_VMS - DEBUG - [resource_tree.py:303] - [HANG_DEBUG] Tree reloaded
2025-12-15 12:43:26 - MediaMTX_VMS - DEBUG - [resource_tree.py:294] - [HANG_DEBUG] Emitting camera_deleted for 62738212-6a88-4302-9f18-c0859dea54e7
2025-12-15 12:43:26 - MediaMTX_VMS - DEBUG - [main_window.py:362] - [HANG_DEBUG] _on_camera_deleted start for 62738212-6a88-4302-9f18-c0859dea54e7
2025-12-15 12:43:26 - MediaMTX_VMS - DEBUG - [main_window.py:367] - [HANG_DEBUG] grid_widget removed 62738212-6a88-4302-9f18-c0859dea54e7
2025-12-15 12:43:26 - MediaMTX_VMS - DEBUG - [main_window.py:374] - [HANG_DEBUG] emap_widget removed 62738212-6a88-4302-9f18-c0859dea54e7
2025-12-15 12:43:26 - MediaMTX_VMS - DEBUG - [main_window.py:381] - [HANG_DEBUG] ptz_widget cleared
2025-12-15 12:43:26 - MediaMTX_VMS - DEBUG - [event_log.py:151] - Event logged: [Info] 62738212-6a88-4302-9f18-c0859dea54e7: Camera removed from grid and map
2025-12-15 12:43:26 - MediaMTX_VMS - DEBUG - [main_window.py:386] - [HANG_DEBUG] _on_camera_deleted done
2025-12-15 12:43:26 - MediaMTX_VMS - DEBUG - [resource_tree.py:296] - [HANG_DEBUG] camera_deleted signal emitted
2025-12-15 12:43:26 - MediaMTX_VMS - DEBUG - [resource_tree.py:298] - [HANG_DEBUG] Removing from camera_manager
2025-12-15 12:43:26 - MediaMTX_VMS - DEBUG - [config.py:63] - Configuration saved
2025-12-15 12:43:26 - MediaMTX_VMS - INFO - [camera_manager.py:124] - Removed camera: dakdsa (62738212-6a88-4302-9f18-c0859dea54e7)
2025-12-15 12:43:26 - MediaMTX_VMS - DEBUG - [resource_tree.py:300] - [HANG_DEBUG] Removed from camera_manager
2025-12-15 12:43:26 - MediaMTX_VMS - DEBUG - [resource_tree.py:177] - Resource tree loaded: 1 cameras, 0 NVRs
2025-12-15 12:43:26 - MediaMTX_VMS - DEBUG - [resource_tree.py:303] - [HANG_DEBUG] Tree reloaded
2025-12-15 12:43:30 - MediaMTX_VMS - DEBUG - [resource_tree.py:294] - [HANG_DEBUG] Emitting camera_deleted for b348c896-0e69-4198-996a-43b3f5925a8b
2025-12-15 12:43:30 - MediaMTX_VMS - DEBUG - [main_window.py:362] - [HANG_DEBUG] _on_camera_deleted start for b348c896-0e69-4198-996a-43b3f5925a8b
2025-12-15 12:43:30 - MediaMTX_VMS - DEBUG - [main_window.py:367] - [HANG_DEBUG] grid_widget removed b348c896-0e69-4198-996a-43b3f5925a8b
2025-12-15 12:43:30 - MediaMTX_VMS - DEBUG - [main_window.py:374] - [HANG_DEBUG] emap_widget removed b348c896-0e69-4198-996a-43b3f5925a8b
2025-12-15 12:43:30 - MediaMTX_VMS - DEBUG - [main_window.py:381] - [HANG_DEBUG] ptz_widget cleared
2025-12-15 12:43:30 - MediaMTX_VMS - DEBUG - [event_log.py:151] - Event logged: [Info] b348c896-0e69-4198-996a-43b3f5925a8b: Camera removed from grid and map
2025-12-15 12:43:30 - MediaMTX_VMS - DEBUG - [main_window.py:386] - [HANG_DEBUG] _on_camera_deleted done
2025-12-15 12:43:30 - MediaMTX_VMS - DEBUG - [resource_tree.py:296] - [HANG_DEBUG] camera_deleted signal emitted
2025-12-15 12:43:30 - MediaMTX_VMS - DEBUG - [resource_tree.py:298] - [HANG_DEBUG] Removing from camera_manager
2025-12-15 12:43:30 - MediaMTX_VMS - DEBUG - [config.py:63] - Configuration saved
2025-12-15 12:43:30 - MediaMTX_VMS - INFO - [camera_manager.py:124] - Removed camera: Dahua (b348c896-0e69-4198-996a-43b3f5925a8b)
2025-12-15 12:43:30 - MediaMTX_VMS - DEBUG - [resource_tree.py:300] - [HANG_DEBUG] Removed from camera_manager
2025-12-15 12:43:30 - MediaMTX_VMS - DEBUG - [resource_tree.py:177] - Resource tree loaded: 0 cameras, 0 NVRs
2025-12-15 12:43:30 - MediaMTX_VMS - DEBUG - [resource_tree.py:303] - [HANG_DEBUG] Tree reloaded
2025-12-15 12:43:32 - MediaMTX_VMS - INFO - [grid_widget.py:247] - Stopping all streams
2025-12-15 12:43:32 - MediaMTX_VMS - INFO - [main_window.py:61] - Application closing
2025-12-15 12:43:32 - MediaMTX_VMS - INFO - [main.py:118] - Application exiting with code: 0
2025-12-15 12:43:33 - MediaMTX_VMS - INFO - [main.py:119] - ================================================================================
2025-12-15 12:44:47 - MediaMTX_VMS - INFO - [logger.py:62] - ================================================================================
2025-12-15 12:44:47 - MediaMTX_VMS - INFO - [logger.py:63] - MediaMTX VMS Client v2.0 - Logger initialized
2025-12-15 12:44:47 - MediaMTX_VMS - INFO - [logger.py:64] - Log file: logs\app_20251215.log
2025-12-15 12:44:47 - MediaMTX_VMS - INFO - [logger.py:65] - ================================================================================
2025-12-15 12:44:47 - MediaMTX_VMS - INFO - [config.py:40] - Configuration loaded from config.json
2025-12-15 12:44:47 - MediaMTX_VMS - INFO - [camera_manager.py:28] - Loading 0 cameras from config
2025-12-15 12:44:47 - MediaMTX_VMS - INFO - [nvr_manager.py:28] - Loading 0 NVRs from config
2025-12-15 12:44:49 - MediaMTX_VMS - INFO - [main.py:96] - ================================================================================
2025-12-15 12:44:49 - MediaMTX_VMS - INFO - [main.py:97] - MediaMTX VMS Client v2.0 - Starting
2025-12-15 12:44:49 - MediaMTX_VMS - INFO - [main.py:98] - ================================================================================
2025-12-15 12:44:49 - MediaMTX_VMS - INFO - [main.py:47] - Stylesheet loaded successfully
2025-12-15 12:44:49 - MediaMTX_VMS - DEBUG - [config.py:113] - Config set: settings.theme = dark
2025-12-15 12:44:49 - MediaMTX_VMS - DEBUG - [config.py:63] - Configuration saved
2025-12-15 12:44:49 - MediaMTX_VMS - INFO - [theme_manager.py:227] - Theme set to: dark
2025-12-15 12:44:49 - MediaMTX_VMS - INFO - [grid_widget.py:85] - Created 2x2 grid with 4 cells
2025-12-15 12:44:49 - MediaMTX_VMS - DEBUG - [resource_tree.py:177] - Resource tree loaded: 0 cameras, 0 NVRs
2025-12-15 12:44:49 - MediaMTX_VMS - DEBUG - [event_log.py:151] - Event logged: [Info] : Application started
2025-12-15 12:44:49 - MediaMTX_VMS - DEBUG - [resource_monitor.py:48] - Resource monitoring started
2025-12-15 12:44:49 - MediaMTX_VMS - INFO - [main_window.py:53] - MainWindow initialized
2025-12-15 12:44:52 - MediaMTX_VMS - INFO - [main.py:110] - Main window displayed
2025-12-15 12:44:56 - MediaMTX_VMS - INFO - [grid_widget.py:247] - Stopping all streams
2025-12-15 12:44:56 - MediaMTX_VMS - INFO - [main_window.py:61] - Application closing
2025-12-15 12:44:56 - MediaMTX_VMS - INFO - [main.py:118] - Application exiting with code: 0
2025-12-15 12:44:56 - MediaMTX_VMS - INFO - [main.py:119] - ================================================================================
2025-12-15 12:52:33 - MediaMTX_VMS - INFO - [logger.py:62] - ================================================================================
2025-12-15 12:52:33 - MediaMTX_VMS - INFO - [logger.py:63] - MediaMTX VMS Client v2.0 - Logger initialized
2025-12-15 12:52:33 - MediaMTX_VMS - INFO - [logger.py:64] - Log file: logs\app_20251215.log
2025-12-15 12:52:33 - MediaMTX_VMS - INFO - [logger.py:65] - ================================================================================
2025-12-15 12:52:33 - MediaMTX_VMS - INFO - [config.py:40] - Configuration loaded from config.json
2025-12-15 12:52:34 - MediaMTX_VMS - INFO - [camera_manager.py:28] - Loading 0 cameras from config
2025-12-15 12:52:34 - MediaMTX_VMS - INFO - [nvr_manager.py:28] - Loading 0 NVRs from config
2025-12-15 12:52:35 - MediaMTX_VMS - INFO - [main.py:96] - ================================================================================
2025-12-15 12:52:35 - MediaMTX_VMS - INFO - [main.py:97] - MediaMTX VMS Client v2.0 - Starting
2025-12-15 12:52:35 - MediaMTX_VMS - INFO - [main.py:98] - ================================================================================
2025-12-15 12:52:35 - MediaMTX_VMS - INFO - [main.py:47] - Stylesheet loaded successfully
2025-12-15 12:52:35 - MediaMTX_VMS - DEBUG - [config.py:113] - Config set: settings.theme = dark
2025-12-15 12:52:35 - MediaMTX_VMS - DEBUG - [config.py:63] - Configuration saved
2025-12-15 12:52:35 - MediaMTX_VMS - INFO - [theme_manager.py:227] - Theme set to: dark
2025-12-15 12:52:36 - MediaMTX_VMS - INFO - [grid_widget.py:90] - Created 2x2 grid with 4 cells
2025-12-15 12:52:36 - MediaMTX_VMS - DEBUG - [resource_tree.py:177] - Resource tree loaded: 0 cameras, 0 NVRs
2025-12-15 12:52:36 - MediaMTX_VMS - DEBUG - [event_log.py:151] - Event logged: [Info] : Application started
2025-12-15 12:52:36 - MediaMTX_VMS - DEBUG - [resource_monitor.py:48] - Resource monitoring started
2025-12-15 12:52:36 - MediaMTX_VMS - INFO - [main_window.py:53] - MainWindow initialized
2025-12-15 12:52:39 - MediaMTX_VMS - INFO - [main.py:110] - Main window displayed
2025-12-15 12:52:45 - MediaMTX_VMS - INFO - [grid_widget.py:252] - Stopping all streams
2025-12-15 12:52:45 - MediaMTX_VMS - INFO - [main_window.py:61] - Application closing
2025-12-15 12:52:45 - MediaMTX_VMS - INFO - [main.py:118] - Application exiting with code: 0
2025-12-15 12:52:45 - MediaMTX_VMS - INFO - [main.py:119] - ================================================================================
2025-12-15 12:56:44 - MediaMTX_VMS - INFO - [logger.py:62] - ================================================================================
2025-12-15 12:56:44 - MediaMTX_VMS - INFO - [logger.py:63] - MediaMTX VMS Client v2.0 - Logger initialized
2025-12-15 12:56:44 - MediaMTX_VMS - INFO - [logger.py:64] - Log file: logs\app_20251215.log
2025-12-15 12:56:44 - MediaMTX_VMS - INFO - [logger.py:65] - ================================================================================
2025-12-15 12:56:44 - MediaMTX_VMS - INFO - [config.py:40] - Configuration loaded from config.json
2025-12-15 12:56:44 - MediaMTX_VMS - INFO - [camera_manager.py:28] - Loading 0 cameras from config
2025-12-15 12:56:44 - MediaMTX_VMS - INFO - [nvr_manager.py:28] - Loading 0 NVRs from config
2025-12-15 12:56:46 - MediaMTX_VMS - INFO - [main.py:96] - ================================================================================
2025-12-15 12:56:46 - MediaMTX_VMS - INFO - [main.py:97] - MediaMTX VMS Client v2.0 - Starting
2025-12-15 12:56:46 - MediaMTX_VMS - INFO - [main.py:98] - ================================================================================
2025-12-15 12:56:46 - MediaMTX_VMS - INFO - [main.py:47] - Stylesheet loaded successfully
2025-12-15 12:56:46 - MediaMTX_VMS - DEBUG - [config.py:113] - Config set: settings.theme = dark
2025-12-15 12:56:46 - MediaMTX_VMS - DEBUG - [config.py:63] - Configuration saved
2025-12-15 12:56:46 - MediaMTX_VMS - INFO - [theme_manager.py:227] - Theme set to: dark
2025-12-15 12:56:46 - MediaMTX_VMS - INFO - [grid_widget.py:85] - Created 2x2 grid with 4 cells
2025-12-15 12:56:46 - MediaMTX_VMS - DEBUG - [resource_tree.py:177] - Resource tree loaded: 0 cameras, 0 NVRs
2025-12-15 12:56:46 - MediaMTX_VMS - DEBUG - [event_log.py:151] - Event logged: [Info] : Application started
2025-12-15 12:56:46 - MediaMTX_VMS - DEBUG - [resource_monitor.py:48] - Resource monitoring started
2025-12-15 12:56:46 - MediaMTX_VMS - INFO - [main_window.py:53] - MainWindow initialized
2025-12-15 12:56:49 - MediaMTX_VMS - INFO - [main.py:110] - Main window displayed
2025-12-15 12:57:10 - MediaMTX_VMS - INFO - [grid_widget.py:247] - Stopping all streams
2025-12-15 12:57:10 - MediaMTX_VMS - INFO - [main_window.py:61] - Application closing
2025-12-15 12:57:10 - MediaMTX_VMS - INFO - [main.py:118] - Application exiting with code: 0
2025-12-15 12:57:10 - MediaMTX_VMS - INFO - [main.py:119] - ================================================================================
2025-12-15 13:00:21 - MediaMTX_VMS - INFO - [logger.py:62] - ================================================================================
2025-12-15 13:00:21 - MediaMTX_VMS - INFO - [logger.py:63] - MediaMTX VMS Client v2.0 - Logger initialized
2025-12-15 13:00:21 - MediaMTX_VMS - INFO - [logger.py:64] - Log file: logs\app_20251215.log
2025-12-15 13:00:21 - MediaMTX_VMS - INFO - [logger.py:65] - ================================================================================
2025-12-15 13:00:21 - MediaMTX_VMS - INFO - [config.py:40] - Configuration loaded from config.json
2025-12-15 13:00:21 - MediaMTX_VMS - INFO - [camera_manager.py:28] - Loading 0 cameras from config
2025-12-15 13:00:21 - MediaMTX_VMS - INFO - [nvr_manager.py:28] - Loading 0 NVRs from config
2025-12-15 13:00:23 - MediaMTX_VMS - INFO - [main.py:96] - ================================================================================
2025-12-15 13:00:23 - MediaMTX_VMS - INFO - [main.py:97] - MediaMTX VMS Client v2.0 - Starting
2025-12-15 13:00:23 - MediaMTX_VMS - INFO - [main.py:98] - ================================================================================
2025-12-15 13:00:23 - MediaMTX_VMS - INFO - [main.py:47] - Stylesheet loaded successfully
2025-12-15 13:00:23 - MediaMTX_VMS - DEBUG - [config.py:113] - Config set: settings.theme = dark
2025-12-15 13:00:23 - MediaMTX_VMS - DEBUG - [config.py:63] - Configuration saved
2025-12-15 13:00:23 - MediaMTX_VMS - INFO - [theme_manager.py:227] - Theme set to: dark
2025-12-15 13:00:23 - MediaMTX_VMS - INFO - [grid_widget.py:85] - Created 2x2 grid with 4 cells
2025-12-15 13:00:23 - MediaMTX_VMS - DEBUG - [resource_tree.py:177] - Resource tree loaded: 0 cameras, 0 NVRs
2025-12-15 13:00:23 - MediaMTX_VMS - DEBUG - [event_log.py:151] - Event logged: [Info] : Application started
2025-12-15 13:00:23 - MediaMTX_VMS - DEBUG - [resource_monitor.py:48] - Resource monitoring started
2025-12-15 13:00:23 - MediaMTX_VMS - INFO - [main_window.py:53] - MainWindow initialized
2025-12-15 13:00:26 - MediaMTX_VMS - INFO - [main.py:110] - Main window displayed
2025-12-15 13:01:13 - MediaMTX_VMS - INFO - [discovery.py:89] - Sending ONVIF WS-Discovery probe...
2025-12-15 13:01:16 - MediaMTX_VMS - INFO - [discovery.py:113] - ONVIF discovery complete. Found 0 devices.
2025-12-15 13:01:16 - MediaMTX_VMS - INFO - [discovery.py:261] - Scanning for MediaMTX servers (2 hosts)...
2025-12-15 13:01:17 - MediaMTX_VMS - INFO - [discovery.py:343] - Discovered RTSP server at 127.0.0.1:8554
2025-12-15 13:01:18 - MediaMTX_VMS - INFO - [discovery.py:343] - Discovered RTSP server at localhost:8554
2025-12-15 13:01:18 - MediaMTX_VMS - INFO - [discovery.py:269] - MediaMTX discovery complete. Found 2 servers.
2025-12-15 13:01:31 - MediaMTX_VMS - DEBUG - [resource_tree.py:177] - Resource tree loaded: 0 cameras, 0 NVRs
2025-12-15 13:01:34 - MediaMTX_VMS - INFO - [grid_widget.py:247] - Stopping all streams
2025-12-15 13:01:34 - MediaMTX_VMS - INFO - [main_window.py:61] - Application closing
2025-12-15 13:01:35 - MediaMTX_VMS - INFO - [main.py:118] - Application exiting with code: 0
2025-12-15 13:01:35 - MediaMTX_VMS - INFO - [main.py:119] - ================================================================================
2025-12-15 15:23:59 - MediaMTX_VMS - INFO - [logger.py:62] - ================================================================================
2025-12-15 15:23:59 - MediaMTX_VMS - INFO - [logger.py:63] - MediaMTX VMS Client v2.0 - Logger initialized
2025-12-15 15:23:59 - MediaMTX_VMS - INFO - [logger.py:64] - Log file: logs\app_20251215.log
2025-12-15 15:23:59 - MediaMTX_VMS - INFO - [logger.py:65] - ================================================================================
2025-12-15 15:23:59 - MediaMTX_VMS - INFO - [config.py:40] - Configuration loaded from config.json
2025-12-15 15:23:59 - MediaMTX_VMS - INFO - [camera_manager.py:28] - Loading 0 cameras from config
2025-12-15 15:23:59 - MediaMTX_VMS - INFO - [nvr_manager.py:28] - Loading 0 NVRs from config
2025-12-15 15:24:01 - MediaMTX_VMS - INFO - [main.py:96] - ================================================================================
2025-12-15 15:24:01 - MediaMTX_VMS - INFO - [main.py:97] - MediaMTX VMS Client v2.0 - Starting
2025-12-15 15:24:01 - MediaMTX_VMS - INFO - [main.py:98] - ================================================================================
2025-12-15 15:24:01 - MediaMTX_VMS - INFO - [main.py:47] - Stylesheet loaded successfully
2025-12-15 15:24:01 - MediaMTX_VMS - DEBUG - [config.py:113] - Config set: settings.theme = dark
2025-12-15 15:24:01 - MediaMTX_VMS - DEBUG - [config.py:63] - Configuration saved
2025-12-15 15:24:01 - MediaMTX_VMS - INFO - [theme_manager.py:227] - Theme set to: dark
2025-12-15 15:24:01 - MediaMTX_VMS - INFO - [grid_widget.py:85] - Created 2x2 grid with 4 cells
2025-12-15 15:24:01 - MediaMTX_VMS - DEBUG - [resource_tree.py:177] - Resource tree loaded: 0 cameras, 0 NVRs
2025-12-15 15:24:01 - MediaMTX_VMS - DEBUG - [event_log.py:151] - Event logged: [Info] : Application started
2025-12-15 15:24:01 - MediaMTX_VMS - DEBUG - [resource_monitor.py:48] - Resource monitoring started
2025-12-15 15:24:01 - MediaMTX_VMS - INFO - [main_window.py:53] - MainWindow initialized
2025-12-15 15:24:04 - MediaMTX_VMS - INFO - [main.py:110] - Main window displayed
2025-12-15 15:25:33 - MediaMTX_VMS - INFO - [discovery.py:89] - Sending ONVIF WS-Discovery probe...
2025-12-15 15:25:36 - MediaMTX_VMS - INFO - [discovery.py:113] - ONVIF discovery complete. Found 0 devices.
2025-12-15 15:25:36 - MediaMTX_VMS - INFO - [discovery.py:261] - Scanning for MediaMTX servers (2 hosts)...
2025-12-15 15:25:37 - MediaMTX_VMS - INFO - [discovery.py:343] - Discovered RTSP server at 127.0.0.1:8554
2025-12-15 15:25:38 - MediaMTX_VMS - INFO - [discovery.py:343] - Discovered RTSP server at localhost:8554
2025-12-15 15:25:38 - MediaMTX_VMS - INFO - [discovery.py:269] - MediaMTX discovery complete. Found 2 servers.
2025-12-15 15:25:53 - MediaMTX_VMS - INFO - [discovery.py:89] - Sending ONVIF WS-Discovery probe...
2025-12-15 15:25:56 - MediaMTX_VMS - INFO - [discovery.py:113] - ONVIF discovery complete. Found 0 devices.
2025-12-15 15:25:56 - MediaMTX_VMS - INFO - [discovery.py:261] - Scanning for MediaMTX servers (2 hosts)...
2025-12-15 15:25:57 - MediaMTX_VMS - INFO - [discovery.py:343] - Discovered RTSP server at 127.0.0.1:8554
2025-12-15 15:25:58 - MediaMTX_VMS - INFO - [discovery.py:343] - Discovered RTSP server at localhost:8554
2025-12-15 15:25:58 - MediaMTX_VMS - INFO - [discovery.py:269] - MediaMTX discovery complete. Found 2 servers.
2025-12-15 15:26:10 - MediaMTX_VMS - DEBUG - [config.py:63] - Configuration saved
2025-12-15 15:26:10 - MediaMTX_VMS - INFO - [camera_manager.py:71] - Added camera: RTSP Server (127.0.0.1) (5e1bd23c-0810-454b-bcd0-fe1f1349ae1e)
2025-12-15 15:26:16 - MediaMTX_VMS - DEBUG - [resource_tree.py:177] - Resource tree loaded: 1 cameras, 0 NVRs
2025-12-15 15:26:18 - MediaMTX_VMS - INFO - [ptz_control.py:75] - Connecting to PTZ service on 127.0.0.1:80...
2025-12-15 15:26:18 - MediaMTX_VMS - INFO - [video_widget.py:83] - VideoWidget assigned to camera: RTSP Server (127.0.0.1)
2025-12-15 15:26:18 - MediaMTX_VMS - DEBUG - [stream_manager.py:73] - VideoStreamThread created for camera: RTSP Server (127.0.0.1)
2025-12-15 15:26:18 - MediaMTX_VMS - INFO - [video_widget.py:113] - Started stream for RTSP Server (127.0.0.1)
2025-12-15 15:26:18 - MediaMTX_VMS - DEBUG - [config.py:113] - Config set: layout.grid_assignments.2x2 = {'0,0': '5e1bd23c-0810-454b-bcd0-fe1f1349ae1e'}
2025-12-15 15:26:18 - MediaMTX_VMS - DEBUG - [stream_manager.py:395] - Stream status for RTSP Server (127.0.0.1): Connecting
2025-12-15 15:26:18 - MediaMTX_VMS - DEBUG - [config.py:63] - Configuration saved
2025-12-15 15:26:18 - MediaMTX_VMS - INFO - [stream_manager.py:157] - Connecting to RTSP Server (127.0.0.1) at rtsp://127.0.0.1:8554/stream
2025-12-15 15:26:18 - MediaMTX_VMS - INFO - [grid_widget.py:168] - Assigned camera 'RTSP Server (127.0.0.1)' to cell (0, 0)
2025-12-15 15:26:18 - MediaMTX_VMS - DEBUG - [event_log.py:151] - Event logged: [Info] RTSP Server (127.0.0.1): Camera 'RTSP Server (127.0.0.1)' assigned to cell (0,0)
2025-12-15 15:26:19 - MediaMTX_VMS - ERROR - [stream_manager.py:193] - Failed to open stream: rtsp://127.0.0.1:8554/stream
2025-12-15 15:26:19 - MediaMTX_VMS - INFO - [stream_manager.py:241] - Reconnecting to RTSP Server (127.0.0.1) (attempt 1)
2025-12-15 15:26:19 - MediaMTX_VMS - DEBUG - [stream_manager.py:395] - Stream status for RTSP Server (127.0.0.1): Reconnecting
2025-12-15 15:26:20 - MediaMTX_VMS - ERROR - [ptz_control.py:105] - Failed to connect PTZ for RTSP Server (127.0.0.1): Unknown error: HTTPConnectionPool(host='127.0.0.1', port=80): Max retries exceeded with url: /onvif/device_service (Caused by NewConnectionError('<urllib3.connection.HTTPConnection object at 0x000001CA1B826EA0>: Failed to establish a new connection: [WinError 10061] Подключение не установлено, т.к. конечный компьютер отверг запрос на подключение'))
2025-12-15 15:26:20 - MediaMTX_VMS - INFO - [ptz_control.py:75] - Connecting to PTZ service on 127.0.0.1:80...
2025-12-15 15:26:21 - MediaMTX_VMS - INFO - [stream_manager.py:157] - Connecting to RTSP Server (127.0.0.1) at rtsp://127.0.0.1:8554/stream
2025-12-15 15:26:21 - MediaMTX_VMS - ERROR - [stream_manager.py:193] - Failed to open stream: rtsp://127.0.0.1:8554/stream
2025-12-15 15:26:21 - MediaMTX_VMS - INFO - [stream_manager.py:241] - Reconnecting to RTSP Server (127.0.0.1) (attempt 2)
2025-12-15 15:26:22 - MediaMTX_VMS - ERROR - [ptz_control.py:105] - Failed to connect PTZ for RTSP Server (127.0.0.1): Unknown error: HTTPConnectionPool(host='127.0.0.1', port=80): Max retries exceeded with url: /onvif/device_service (Caused by NewConnectionError('<urllib3.connection.HTTPConnection object at 0x000001CA1D0FC170>: Failed to establish a new connection: [WinError 10061] Подключение не установлено, т.к. конечный компьютер отверг запрос на подключение'))
2025-12-15 15:26:25 - MediaMTX_VMS - INFO - [stream_manager.py:157] - Connecting to RTSP Server (127.0.0.1) at rtsp://127.0.0.1:8554/stream
2025-12-15 15:26:25 - MediaMTX_VMS - ERROR - [stream_manager.py:193] - Failed to open stream: rtsp://127.0.0.1:8554/stream
2025-12-15 15:26:25 - MediaMTX_VMS - INFO - [stream_manager.py:241] - Reconnecting to RTSP Server (127.0.0.1) (attempt 3)
2025-12-15 15:26:33 - MediaMTX_VMS - INFO - [stream_manager.py:157] - Connecting to RTSP Server (127.0.0.1) at rtsp://127.0.0.1:8554/stream
2025-12-15 15:26:33 - MediaMTX_VMS - ERROR - [stream_manager.py:193] - Failed to open stream: rtsp://127.0.0.1:8554/stream
2025-12-15 15:26:33 - MediaMTX_VMS - ERROR - [stream_manager.py:235] - Max reconnection attempts reached for RTSP Server (127.0.0.1)
2025-12-15 15:26:33 - MediaMTX_VMS - ERROR - [video_widget.py:200] - Stream error for RTSP Server (127.0.0.1): Connection failed after 4 attempts
2025-12-15 15:26:33 - MediaMTX_VMS - DEBUG - [stream_manager.py:395] - Stream status for RTSP Server (127.0.0.1): Error
2025-12-15 15:26:33 - MediaMTX_VMS - DEBUG - [stream_manager.py:395] - Stream status for RTSP Server (127.0.0.1): Disconnected
2025-12-15 15:26:33 - MediaMTX_VMS - INFO - [stream_manager.py:133] - VideoStreamThread stopped for RTSP Server (127.0.0.1)
2025-12-15 15:33:12 - MediaMTX_VMS - INFO - [logger.py:62] - ================================================================================
2025-12-15 15:33:12 - MediaMTX_VMS - INFO - [logger.py:63] - MediaMTX VMS Client v2.0 - Logger initialized
2025-12-15 15:33:12 - MediaMTX_VMS - INFO - [logger.py:64] - Log file: logs\app_20251215.log
2025-12-15 15:33:12 - MediaMTX_VMS - INFO - [logger.py:65] - ================================================================================
2025-12-15 15:33:12 - MediaMTX_VMS - INFO - [config.py:40] - Configuration loaded from config.json
2025-12-15 15:33:12 - MediaMTX_VMS - INFO - [camera_manager.py:28] - Loading 1 cameras from config
2025-12-15 15:33:12 - MediaMTX_VMS - INFO - [nvr_manager.py:28] - Loading 0 NVRs from config
2025-12-15 15:33:13 - MediaMTX_VMS - INFO - [main.py:96] - ================================================================================
2025-12-15 15:33:13 - MediaMTX_VMS - INFO - [main.py:97] - MediaMTX VMS Client v2.0 - Starting
2025-12-15 15:33:13 - MediaMTX_VMS - INFO - [main.py:98] - ================================================================================
2025-12-15 15:33:13 - MediaMTX_VMS - INFO - [main.py:47] - Stylesheet loaded successfully
2025-12-15 15:33:13 - MediaMTX_VMS - DEBUG - [config.py:113] - Config set: settings.theme = dark
2025-12-15 15:33:13 - MediaMTX_VMS - DEBUG - [config.py:63] - Configuration saved
2025-12-15 15:33:13 - MediaMTX_VMS - INFO - [theme_manager.py:227] - Theme set to: dark
2025-12-15 15:33:13 - MediaMTX_VMS - INFO - [grid_widget.py:85] - Created 2x2 grid with 4 cells
2025-12-15 15:33:13 - MediaMTX_VMS - INFO - [video_widget.py:83] - VideoWidget assigned to camera: RTSP Server (127.0.0.1)
2025-12-15 15:33:13 - MediaMTX_VMS - DEBUG - [stream_manager.py:73] - VideoStreamThread created for camera: RTSP Server (127.0.0.1)
2025-12-15 15:33:13 - MediaMTX_VMS - INFO - [video_widget.py:114] - Started stream for RTSP Server (127.0.0.1)
2025-12-15 15:33:13 - MediaMTX_VMS - DEBUG - [stream_manager.py:395] - Stream status for RTSP Server (127.0.0.1): Connecting
2025-12-15 15:33:13 - MediaMTX_VMS - DEBUG - [config.py:113] - Config set: layout.grid_assignments.2x2 = {'0,0': '5e1bd23c-0810-454b-bcd0-fe1f1349ae1e'}
2025-12-15 15:33:13 - MediaMTX_VMS - INFO - [stream_manager.py:157] - Connecting to RTSP Server (127.0.0.1) at rtsp://127.0.0.1:8554/stream
2025-12-15 15:33:13 - MediaMTX_VMS - DEBUG - [config.py:63] - Configuration saved
2025-12-15 15:33:13 - MediaMTX_VMS - INFO - [grid_widget.py:168] - Assigned camera 'RTSP Server (127.0.0.1)' to cell (0, 0)
2025-12-15 15:33:13 - MediaMTX_VMS - ERROR - [stream_manager.py:193] - Failed to open stream: rtsp://127.0.0.1:8554/stream
2025-12-15 15:33:13 - MediaMTX_VMS - INFO - [stream_manager.py:241] - Reconnecting to RTSP Server (127.0.0.1) (attempt 1)
2025-12-15 15:33:13 - MediaMTX_VMS - DEBUG - [stream_manager.py:395] - Stream status for RTSP Server (127.0.0.1): Reconnecting
2025-12-15 15:33:13 - MediaMTX_VMS - DEBUG - [resource_tree.py:177] - Resource tree loaded: 1 cameras, 0 NVRs
2025-12-15 15:33:13 - MediaMTX_VMS - DEBUG - [event_log.py:151] - Event logged: [Info] : Application started
2025-12-15 15:33:13 - MediaMTX_VMS - DEBUG - [resource_monitor.py:48] - Resource monitoring started
2025-12-15 15:33:13 - MediaMTX_VMS - INFO - [main_window.py:53] - MainWindow initialized
2025-12-15 15:33:15 - MediaMTX_VMS - INFO - [stream_manager.py:157] - Connecting to RTSP Server (127.0.0.1) at rtsp://127.0.0.1:8554/stream
2025-12-15 15:33:16 - MediaMTX_VMS - INFO - [main.py:110] - Main window displayed
2025-12-15 15:33:16 - MediaMTX_VMS - ERROR - [stream_manager.py:193] - Failed to open stream: rtsp://127.0.0.1:8554/stream
2025-12-15 15:33:16 - MediaMTX_VMS - INFO - [stream_manager.py:241] - Reconnecting to RTSP Server (127.0.0.1) (attempt 2)
2025-12-15 15:33:18 - MediaMTX_VMS - INFO - [ptz_control.py:75] - Connecting to PTZ service on 127.0.0.1:80...
2025-12-15 15:33:18 - MediaMTX_VMS - INFO - [video_widget.py:83] - VideoWidget assigned to camera: RTSP Server (127.0.0.1)
2025-12-15 15:33:18 - MediaMTX_VMS - DEBUG - [stream_manager.py:73] - VideoStreamThread created for camera: RTSP Server (127.0.0.1)
2025-12-15 15:33:18 - MediaMTX_VMS - INFO - [video_widget.py:114] - Started stream for RTSP Server (127.0.0.1)
2025-12-15 15:33:18 - MediaMTX_VMS - DEBUG - [stream_manager.py:395] - Stream status for RTSP Server (127.0.0.1): Connecting
2025-12-15 15:33:18 - MediaMTX_VMS - DEBUG - [config.py:113] - Config set: layout.grid_assignments.2x2 = {'0,0': '5e1bd23c-0810-454b-bcd0-fe1f1349ae1e', '0,1': '5e1bd23c-0810-454b-bcd0-fe1f1349ae1e'}
2025-12-15 15:33:18 - MediaMTX_VMS - INFO - [stream_manager.py:157] - Connecting to RTSP Server (127.0.0.1) at rtsp://127.0.0.1:8554/stream
2025-12-15 15:33:18 - MediaMTX_VMS - DEBUG - [config.py:63] - Configuration saved
2025-12-15 15:33:18 - MediaMTX_VMS - INFO - [grid_widget.py:168] - Assigned camera 'RTSP Server (127.0.0.1)' to cell (0, 1)
2025-12-15 15:33:18 - MediaMTX_VMS - DEBUG - [event_log.py:151] - Event logged: [Info] RTSP Server (127.0.0.1): Camera 'RTSP Server (127.0.0.1)' assigned to cell (0,1)
2025-12-15 15:33:18 - MediaMTX_VMS - ERROR - [stream_manager.py:193] - Failed to open stream: rtsp://127.0.0.1:8554/stream
2025-12-15 15:33:18 - MediaMTX_VMS - INFO - [stream_manager.py:241] - Reconnecting to RTSP Server (127.0.0.1) (attempt 1)
2025-12-15 15:33:18 - MediaMTX_VMS - DEBUG - [stream_manager.py:395] - Stream status for RTSP Server (127.0.0.1): Reconnecting
2025-12-15 15:33:20 - MediaMTX_VMS - INFO - [stream_manager.py:157] - Connecting to RTSP Server (127.0.0.1) at rtsp://127.0.0.1:8554/stream
2025-12-15 15:33:20 - MediaMTX_VMS - ERROR - [ptz_control.py:105] - Failed to connect PTZ for RTSP Server (127.0.0.1): Unknown error: HTTPConnectionPool(host='127.0.0.1', port=80): Max retries exceeded with url: /onvif/device_service (Caused by NewConnectionError('<urllib3.connection.HTTPConnection object at 0x0000019AC80E4590>: Failed to establish a new connection: [WinError 10061] Подключение не установлено, т.к. конечный компьютер отверг запрос на подключение'))
2025-12-15 15:33:20 - MediaMTX_VMS - ERROR - [stream_manager.py:193] - Failed to open stream: rtsp://127.0.0.1:8554/stream
2025-12-15 15:33:20 - MediaMTX_VMS - INFO - [stream_manager.py:241] - Reconnecting to RTSP Server (127.0.0.1) (attempt 2)
2025-12-15 15:33:20 - MediaMTX_VMS - INFO - [stream_manager.py:157] - Connecting to RTSP Server (127.0.0.1) at rtsp://127.0.0.1:8554/stream
2025-12-15 15:33:20 - MediaMTX_VMS - ERROR - [stream_manager.py:193] - Failed to open stream: rtsp://127.0.0.1:8554/stream
2025-12-15 15:33:20 - MediaMTX_VMS - INFO - [stream_manager.py:241] - Reconnecting to RTSP Server (127.0.0.1) (attempt 3)
2025-12-15 15:33:24 - MediaMTX_VMS - INFO - [stream_manager.py:157] - Connecting to RTSP Server (127.0.0.1) at rtsp://127.0.0.1:8554/stream
2025-12-15 15:33:24 - MediaMTX_VMS - ERROR - [stream_manager.py:193] - Failed to open stream: rtsp://127.0.0.1:8554/stream
2025-12-15 15:33:24 - MediaMTX_VMS - INFO - [stream_manager.py:241] - Reconnecting to RTSP Server (127.0.0.1) (attempt 3)
2025-12-15 15:33:28 - MediaMTX_VMS - INFO - [stream_manager.py:157] - Connecting to RTSP Server (127.0.0.1) at rtsp://127.0.0.1:8554/stream
2025-12-15 15:33:28 - MediaMTX_VMS - ERROR - [stream_manager.py:193] - Failed to open stream: rtsp://127.0.0.1:8554/stream
2025-12-15 15:33:28 - MediaMTX_VMS - ERROR - [stream_manager.py:235] - Max reconnection attempts reached for RTSP Server (127.0.0.1)
2025-12-15 15:33:28 - MediaMTX_VMS - DEBUG - [stream_manager.py:395] - Stream status for RTSP Server (127.0.0.1): Error
2025-12-15 15:33:28 - MediaMTX_VMS - ERROR - [video_widget.py:205] - Stream error for RTSP Server (127.0.0.1): Connection failed after 4 attempts
2025-12-15 15:33:28 - MediaMTX_VMS - DEBUG - [stream_manager.py:395] - Stream status for RTSP Server (127.0.0.1): Disconnected
2025-12-15 15:33:28 - MediaMTX_VMS - INFO - [stream_manager.py:133] - VideoStreamThread stopped for RTSP Server (127.0.0.1)
2025-12-15 15:33:28 - MediaMTX_VMS - INFO - [video_widget.py:211] - Stream thread finished for RTSP Server (127.0.0.1), cleaning up.
2025-12-15 15:33:32 - MediaMTX_VMS - INFO - [stream_manager.py:157] - Connecting to RTSP Server (127.0.0.1) at rtsp://127.0.0.1:8554/stream
2025-12-15 15:33:32 - MediaMTX_VMS - ERROR - [stream_manager.py:193] - Failed to open stream: rtsp://127.0.0.1:8554/stream
2025-12-15 15:33:32 - MediaMTX_VMS - ERROR - [stream_manager.py:235] - Max reconnection attempts reached for RTSP Server (127.0.0.1)
2025-12-15 15:33:32 - MediaMTX_VMS - DEBUG - [stream_manager.py:395] - Stream status for RTSP Server (127.0.0.1): Error
2025-12-15 15:33:32 - MediaMTX_VMS - ERROR - [video_widget.py:205] - Stream error for RTSP Server (127.0.0.1): Connection failed after 4 attempts
2025-12-15 15:33:32 - MediaMTX_VMS - DEBUG - [stream_manager.py:395] - Stream status for RTSP Server (127.0.0.1): Disconnected
2025-12-15 15:33:32 - MediaMTX_VMS - INFO - [stream_manager.py:133] - VideoStreamThread stopped for RTSP Server (127.0.0.1)
2025-12-15 15:33:32 - MediaMTX_VMS - INFO - [video_widget.py:211] - Stream thread finished for RTSP Server (127.0.0.1), cleaning up.
2025-12-15 15:37:30 - MediaMTX_VMS - INFO - [logger.py:62] - ================================================================================
2025-12-15 15:37:30 - MediaMTX_VMS - INFO - [logger.py:63] - MediaMTX VMS Client v2.0 - Logger initialized
2025-12-15 15:37:30 - MediaMTX_VMS - INFO - [logger.py:64] - Log file: logs\app_20251215.log
2025-12-15 15:37:30 - MediaMTX_VMS - INFO - [logger.py:65] - ================================================================================
2025-12-15 15:37:30 - MediaMTX_VMS - INFO - [config.py:40] - Configuration loaded from config.json
2025-12-15 15:37:30 - MediaMTX_VMS - INFO - [camera_manager.py:28] - Loading 1 cameras from config
2025-12-15 15:37:30 - MediaMTX_VMS - INFO - [nvr_manager.py:28] - Loading 0 NVRs from config
2025-12-15 15:37:31 - MediaMTX_VMS - INFO - [main.py:96] - ================================================================================
2025-12-15 15:37:31 - MediaMTX_VMS - INFO - [main.py:97] - MediaMTX VMS Client v2.0 - Starting
2025-12-15 15:37:31 - MediaMTX_VMS - INFO - [main.py:98] - ================================================================================
2025-12-15 15:37:31 - MediaMTX_VMS - INFO - [main.py:47] - Stylesheet loaded successfully
2025-12-15 15:37:31 - MediaMTX_VMS - DEBUG - [config.py:113] - Config set: settings.theme = dark
2025-12-15 15:37:31 - MediaMTX_VMS - DEBUG - [config.py:63] - Configuration saved
2025-12-15 15:37:31 - MediaMTX_VMS - INFO - [theme_manager.py:227] - Theme set to: dark
2025-12-15 15:37:31 - MediaMTX_VMS - INFO - [grid_widget.py:85] - Created 2x2 grid with 4 cells
2025-12-15 15:37:31 - MediaMTX_VMS - INFO - [video_widget.py:83] - VideoWidget assigned to camera: RTSP Server (127.0.0.1)
2025-12-15 15:37:31 - MediaMTX_VMS - DEBUG - [stream_manager.py:73] - VideoStreamThread created for camera: RTSP Server (127.0.0.1)
2025-12-15 15:37:31 - MediaMTX_VMS - INFO - [video_widget.py:114] - Started stream for RTSP Server (127.0.0.1)
2025-12-15 15:37:31 - MediaMTX_VMS - DEBUG - [config.py:113] - Config set: layout.grid_assignments.2x2 = {'0,0': '5e1bd23c-0810-454b-bcd0-fe1f1349ae1e'}
2025-12-15 15:37:31 - MediaMTX_VMS - DEBUG - [stream_manager.py:395] - Stream status for RTSP Server (127.0.0.1): Connecting
2025-12-15 15:37:31 - MediaMTX_VMS - INFO - [stream_manager.py:157] - Connecting to RTSP Server (127.0.0.1) at rtsp://127.0.0.1:8554/stream
2025-12-15 15:37:31 - MediaMTX_VMS - DEBUG - [config.py:63] - Configuration saved
2025-12-15 15:37:31 - MediaMTX_VMS - INFO - [grid_widget.py:168] - Assigned camera 'RTSP Server (127.0.0.1)' to cell (0, 0)
2025-12-15 15:37:31 - MediaMTX_VMS - INFO - [video_widget.py:83] - VideoWidget assigned to camera: RTSP Server (127.0.0.1)
2025-12-15 15:37:31 - MediaMTX_VMS - DEBUG - [stream_manager.py:73] - VideoStreamThread created for camera: RTSP Server (127.0.0.1)
2025-12-15 15:37:31 - MediaMTX_VMS - INFO - [video_widget.py:114] - Started stream for RTSP Server (127.0.0.1)
2025-12-15 15:37:31 - MediaMTX_VMS - DEBUG - [config.py:113] - Config set: layout.grid_assignments.2x2 = {'0,0': '5e1bd23c-0810-454b-bcd0-fe1f1349ae1e', '0,1': '5e1bd23c-0810-454b-bcd0-fe1f1349ae1e'}
2025-12-15 15:37:31 - MediaMTX_VMS - DEBUG - [config.py:63] - Configuration saved
2025-12-15 15:37:31 - MediaMTX_VMS - INFO - [grid_widget.py:168] - Assigned camera 'RTSP Server (127.0.0.1)' to cell (0, 1)
2025-12-15 15:37:31 - MediaMTX_VMS - DEBUG - [stream_manager.py:395] - Stream status for RTSP Server (127.0.0.1): Connecting
2025-12-15 15:37:31 - MediaMTX_VMS - INFO - [stream_manager.py:157] - Connecting to RTSP Server (127.0.0.1) at rtsp://127.0.0.1:8554/stream
2025-12-15 15:37:31 - MediaMTX_VMS - ERROR - [stream_manager.py:193] - Failed to open stream: rtsp://127.0.0.1:8554/stream
2025-12-15 15:37:31 - MediaMTX_VMS - ERROR - [stream_manager.py:193] - Failed to open stream: rtsp://127.0.0.1:8554/stream
2025-12-15 15:37:31 - MediaMTX_VMS - INFO - [stream_manager.py:241] - Reconnecting to RTSP Server (127.0.0.1) (attempt 1)
2025-12-15 15:37:31 - MediaMTX_VMS - INFO - [stream_manager.py:241] - Reconnecting to RTSP Server (127.0.0.1) (attempt 1)
2025-12-15 15:37:31 - MediaMTX_VMS - DEBUG - [stream_manager.py:395] - Stream status for RTSP Server (127.0.0.1): Reconnecting
2025-12-15 15:37:31 - MediaMTX_VMS - DEBUG - [stream_manager.py:395] - Stream status for RTSP Server (127.0.0.1): Reconnecting
2025-12-15 15:37:31 - MediaMTX_VMS - DEBUG - [resource_tree.py:177] - Resource tree loaded: 1 cameras, 0 NVRs
2025-12-15 15:37:31 - MediaMTX_VMS - DEBUG - [event_log.py:151] - Event logged: [Info] : Application started
2025-12-15 15:37:31 - MediaMTX_VMS - DEBUG - [resource_monitor.py:48] - Resource monitoring started
2025-12-15 15:37:31 - MediaMTX_VMS - INFO - [main_window.py:53] - MainWindow initialized
2025-12-15 15:37:33 - MediaMTX_VMS - INFO - [stream_manager.py:157] - Connecting to RTSP Server (127.0.0.1) at rtsp://127.0.0.1:8554/stream
2025-12-15 15:37:34 - MediaMTX_VMS - INFO - [stream_manager.py:157] - Connecting to RTSP Server (127.0.0.1) at rtsp://127.0.0.1:8554/stream
2025-12-15 15:37:34 - MediaMTX_VMS - INFO - [main.py:110] - Main window displayed
2025-12-15 15:37:34 - MediaMTX_VMS - ERROR - [stream_manager.py:193] - Failed to open stream: rtsp://127.0.0.1:8554/stream
2025-12-15 15:37:34 - MediaMTX_VMS - INFO - [stream_manager.py:241] - Reconnecting to RTSP Server (127.0.0.1) (attempt 2)
2025-12-15 15:37:34 - MediaMTX_VMS - ERROR - [stream_manager.py:193] - Failed to open stream: rtsp://127.0.0.1:8554/stream
2025-12-15 15:37:34 - MediaMTX_VMS - INFO - [stream_manager.py:241] - Reconnecting to RTSP Server (127.0.0.1) (attempt 2)
2025-12-15 15:37:38 - MediaMTX_VMS - INFO - [stream_manager.py:157] - Connecting to RTSP Server (127.0.0.1) at rtsp://127.0.0.1:8554/stream
2025-12-15 15:37:38 - MediaMTX_VMS - INFO - [stream_manager.py:157] - Connecting to RTSP Server (127.0.0.1) at rtsp://127.0.0.1:8554/stream
2025-12-15 15:37:38 - MediaMTX_VMS - ERROR - [stream_manager.py:193] - Failed to open stream: rtsp://127.0.0.1:8554/stream
2025-12-15 15:37:38 - MediaMTX_VMS - INFO - [stream_manager.py:241] - Reconnecting to RTSP Server (127.0.0.1) (attempt 3)
2025-12-15 15:37:38 - MediaMTX_VMS - ERROR - [stream_manager.py:193] - Failed to open stream: rtsp://127.0.0.1:8554/stream
2025-12-15 15:37:38 - MediaMTX_VMS - INFO - [stream_manager.py:241] - Reconnecting to RTSP Server (127.0.0.1) (attempt 3)
2025-12-15 15:37:40 - MediaMTX_VMS - INFO - [grid_widget.py:247] - Stopping all streams
2025-12-15 15:37:40 - MediaMTX_VMS - INFO - [video_widget.py:124] - Signal stop stream for RTSP Server (127.0.0.1)
2025-12-15 15:37:40 - MediaMTX_VMS - INFO - [video_widget.py:124] - Signal stop stream for RTSP Server (127.0.0.1)
2025-12-15 15:37:40 - MediaMTX_VMS - DEBUG - [stream_manager.py:395] - Stream status for RTSP Server (127.0.0.1): Disconnected
2025-12-15 15:37:40 - MediaMTX_VMS - INFO - [stream_manager.py:133] - VideoStreamThread stopped for RTSP Server (127.0.0.1)
2025-12-15 15:37:40 - MediaMTX_VMS - DEBUG - [stream_manager.py:395] - Stream status for RTSP Server (127.0.0.1): Disconnected
2025-12-15 15:37:40 - MediaMTX_VMS - INFO - [stream_manager.py:133] - VideoStreamThread stopped for RTSP Server (127.0.0.1)
2025-12-15 15:37:40 - MediaMTX_VMS - INFO - [main_window.py:61] - Application closing
2025-12-15 15:37:40 - MediaMTX_VMS - INFO - [video_widget.py:211] - Stream thread finished for RTSP Server (127.0.0.1), cleaning up.
2025-12-15 15:37:40 - MediaMTX_VMS - INFO - [video_widget.py:211] - Stream thread finished for RTSP Server (127.0.0.1), cleaning up.
2025-12-15 15:37:40 - MediaMTX_VMS - INFO - [main.py:118] - Application exiting with code: 0
2025-12-15 15:37:40 - MediaMTX_VMS - INFO - [main.py:119] - ================================================================================
2025-12-15 15:37:48 - MediaMTX_VMS - INFO - [logger.py:62] - ================================================================================
2025-12-15 15:37:48 - MediaMTX_VMS - INFO - [logger.py:63] - MediaMTX VMS Client v2.0 - Logger initialized
2025-12-15 15:37:48 - MediaMTX_VMS - INFO - [logger.py:64] - Log file: logs\app_20251215.log
2025-12-15 15:37:48 - MediaMTX_VMS - INFO - [logger.py:65] - ================================================================================
2025-12-15 15:37:48 - MediaMTX_VMS - INFO - [config.py:40] - Configuration loaded from config.json
2025-12-15 15:37:48 - MediaMTX_VMS - INFO - [camera_manager.py:28] - Loading 1 cameras from config
2025-12-15 15:37:48 - MediaMTX_VMS - INFO - [nvr_manager.py:28] - Loading 0 NVRs from config
2025-12-15 15:37:49 - MediaMTX_VMS - INFO - [main.py:96] - ================================================================================
2025-12-15 15:37:49 - MediaMTX_VMS - INFO - [main.py:97] - MediaMTX VMS Client v2.0 - Starting
2025-12-15 15:37:49 - MediaMTX_VMS - INFO - [main.py:98] - ================================================================================
2025-12-15 15:37:49 - MediaMTX_VMS - INFO - [main.py:47] - Stylesheet loaded successfully
2025-12-15 15:37:49 - MediaMTX_VMS - DEBUG - [config.py:113] - Config set: settings.theme = dark
2025-12-15 15:37:49 - MediaMTX_VMS - DEBUG - [config.py:63] - Configuration saved
2025-12-15 15:37:49 - MediaMTX_VMS - INFO - [theme_manager.py:227] - Theme set to: dark
2025-12-15 15:37:49 - MediaMTX_VMS - INFO - [grid_widget.py:85] - Created 2x2 grid with 4 cells
2025-12-15 15:37:49 - MediaMTX_VMS - INFO - [video_widget.py:83] - VideoWidget assigned to camera: RTSP Server (127.0.0.1)
2025-12-15 15:37:49 - MediaMTX_VMS - DEBUG - [stream_manager.py:73] - VideoStreamThread created for camera: RTSP Server (127.0.0.1)
2025-12-15 15:37:49 - MediaMTX_VMS - INFO - [video_widget.py:114] - Started stream for RTSP Server (127.0.0.1)
2025-12-15 15:37:49 - MediaMTX_VMS - DEBUG - [config.py:113] - Config set: layout.grid_assignments.2x2 = {'0,0': '5e1bd23c-0810-454b-bcd0-fe1f1349ae1e'}
2025-12-15 15:37:49 - MediaMTX_VMS - DEBUG - [stream_manager.py:395] - Stream status for RTSP Server (127.0.0.1): Connecting
2025-12-15 15:37:49 - MediaMTX_VMS - DEBUG - [config.py:63] - Configuration saved
2025-12-15 15:37:49 - MediaMTX_VMS - INFO - [stream_manager.py:157] - Connecting to RTSP Server (127.0.0.1) at rtsp://127.0.0.1:8554/stream
2025-12-15 15:37:49 - MediaMTX_VMS - INFO - [grid_widget.py:168] - Assigned camera 'RTSP Server (127.0.0.1)' to cell (0, 0)
2025-12-15 15:37:49 - MediaMTX_VMS - INFO - [video_widget.py:83] - VideoWidget assigned to camera: RTSP Server (127.0.0.1)
2025-12-15 15:37:49 - MediaMTX_VMS - DEBUG - [stream_manager.py:73] - VideoStreamThread created for camera: RTSP Server (127.0.0.1)
2025-12-15 15:37:49 - MediaMTX_VMS - INFO - [video_widget.py:114] - Started stream for RTSP Server (127.0.0.1)
2025-12-15 15:37:49 - MediaMTX_VMS - DEBUG - [config.py:113] - Config set: layout.grid_assignments.2x2 = {'0,0': '5e1bd23c-0810-454b-bcd0-fe1f1349ae1e', '0,1': '5e1bd23c-0810-454b-bcd0-fe1f1349ae1e'}
2025-12-15 15:37:49 - MediaMTX_VMS - DEBUG - [stream_manager.py:395] - Stream status for RTSP Server (127.0.0.1): Connecting
2025-12-15 15:37:49 - MediaMTX_VMS - DEBUG - [config.py:63] - Configuration saved
2025-12-15 15:37:49 - MediaMTX_VMS - INFO - [stream_manager.py:157] - Connecting to RTSP Server (127.0.0.1) at rtsp://127.0.0.1:8554/stream
2025-12-15 15:37:49 - MediaMTX_VMS - INFO - [grid_widget.py:168] - Assigned camera 'RTSP Server (127.0.0.1)' to cell (0, 1)
2025-12-15 15:37:49 - MediaMTX_VMS - ERROR - [stream_manager.py:193] - Failed to open stream: rtsp://127.0.0.1:8554/stream
2025-12-15 15:37:49 - MediaMTX_VMS - ERROR - [stream_manager.py:193] - Failed to open stream: rtsp://127.0.0.1:8554/stream
2025-12-15 15:37:49 - MediaMTX_VMS - INFO - [stream_manager.py:241] - Reconnecting to RTSP Server (127.0.0.1) (attempt 1)
2025-12-15 15:37:49 - MediaMTX_VMS - INFO - [stream_manager.py:241] - Reconnecting to RTSP Server (127.0.0.1) (attempt 1)
2025-12-15 15:37:49 - MediaMTX_VMS - DEBUG - [stream_manager.py:395] - Stream status for RTSP Server (127.0.0.1): Reconnecting
2025-12-15 15:37:49 - MediaMTX_VMS - DEBUG - [stream_manager.py:395] - Stream status for RTSP Server (127.0.0.1): Reconnecting
2025-12-15 15:37:49 - MediaMTX_VMS - DEBUG - [resource_tree.py:177] - Resource tree loaded: 1 cameras, 0 NVRs
2025-12-15 15:37:49 - MediaMTX_VMS - DEBUG - [event_log.py:151] - Event logged: [Info] : Application started
2025-12-15 15:37:49 - MediaMTX_VMS - DEBUG - [resource_monitor.py:48] - Resource monitoring started
2025-12-15 15:37:49 - MediaMTX_VMS - INFO - [main_window.py:53] - MainWindow initialized
2025-12-15 15:37:51 - MediaMTX_VMS - INFO - [stream_manager.py:157] - Connecting to RTSP Server (127.0.0.1) at rtsp://127.0.0.1:8554/stream
2025-12-15 15:37:52 - MediaMTX_VMS - INFO - [stream_manager.py:157] - Connecting to RTSP Server (127.0.0.1) at rtsp://127.0.0.1:8554/stream
2025-12-15 15:37:52 - MediaMTX_VMS - INFO - [main.py:110] - Main window displayed
2025-12-15 15:37:52 - MediaMTX_VMS - ERROR - [stream_manager.py:193] - Failed to open stream: rtsp://127.0.0.1:8554/stream
2025-12-15 15:37:52 - MediaMTX_VMS - INFO - [stream_manager.py:241] - Reconnecting to RTSP Server (127.0.0.1) (attempt 2)
2025-12-15 15:37:52 - MediaMTX_VMS - ERROR - [stream_manager.py:193] - Failed to open stream: rtsp://127.0.0.1:8554/stream
2025-12-15 15:37:52 - MediaMTX_VMS - INFO - [stream_manager.py:241] - Reconnecting to RTSP Server (127.0.0.1) (attempt 2)
2025-12-15 15:37:55 - MediaMTX_VMS - INFO - [ptz_control.py:75] - Connecting to PTZ service on 127.0.0.1:80...
2025-12-15 15:37:56 - MediaMTX_VMS - INFO - [stream_manager.py:157] - Connecting to RTSP Server (127.0.0.1) at rtsp://127.0.0.1:8554/stream
2025-12-15 15:37:56 - MediaMTX_VMS - INFO - [stream_manager.py:157] - Connecting to RTSP Server (127.0.0.1) at rtsp://127.0.0.1:8554/stream
2025-12-15 15:37:56 - MediaMTX_VMS - ERROR - [stream_manager.py:193] - Failed to open stream: rtsp://127.0.0.1:8554/stream
2025-12-15 15:37:56 - MediaMTX_VMS - INFO - [stream_manager.py:241] - Reconnecting to RTSP Server (127.0.0.1) (attempt 3)
2025-12-15 15:37:56 - MediaMTX_VMS - ERROR - [stream_manager.py:193] - Failed to open stream: rtsp://127.0.0.1:8554/stream
2025-12-15 15:37:56 - MediaMTX_VMS - INFO - [stream_manager.py:241] - Reconnecting to RTSP Server (127.0.0.1) (attempt 3)
2025-12-15 15:37:57 - MediaMTX_VMS - ERROR - [ptz_control.py:105] - Failed to connect PTZ for RTSP Server (127.0.0.1): Unknown error: HTTPConnectionPool(host='127.0.0.1', port=80): Max retries exceeded with url: /onvif/device_service (Caused by NewConnectionError('<urllib3.connection.HTTPConnection object at 0x000001FD055F4830>: Failed to establish a new connection: [WinError 10061] Подключение не установлено, т.к. конечный компьютер отверг запрос на подключение'))
2025-12-15 15:38:01 - MediaMTX_VMS - INFO - [ptz_control.py:75] - Connecting to PTZ service on 127.0.0.1:80...
2025-12-15 15:38:01 - MediaMTX_VMS - INFO - [video_widget.py:83] - VideoWidget assigned to camera: RTSP Server (127.0.0.1)
2025-12-15 15:38:01 - MediaMTX_VMS - DEBUG - [stream_manager.py:73] - VideoStreamThread created for camera: RTSP Server (127.0.0.1)
2025-12-15 15:38:01 - MediaMTX_VMS - INFO - [video_widget.py:114] - Started stream for RTSP Server (127.0.0.1)
2025-12-15 15:38:01 - MediaMTX_VMS - DEBUG - [config.py:113] - Config set: layout.grid_assignments.2x2 = {'0,0': '5e1bd23c-0810-454b-bcd0-fe1f1349ae1e', '0,1': '5e1bd23c-0810-454b-bcd0-fe1f1349ae1e', '1,0': '5e1bd23c-0810-454b-bcd0-fe1f1349ae1e'}
2025-12-15 15:38:01 - MediaMTX_VMS - DEBUG - [stream_manager.py:395] - Stream status for RTSP Server (127.0.0.1): Connecting
2025-12-15 15:38:01 - MediaMTX_VMS - INFO - [stream_manager.py:157] - Connecting to RTSP Server (127.0.0.1) at rtsp://127.0.0.1:8554/stream
2025-12-15 15:38:01 - MediaMTX_VMS - DEBUG - [config.py:63] - Configuration saved
2025-12-15 15:38:01 - MediaMTX_VMS - INFO - [grid_widget.py:168] - Assigned camera 'RTSP Server (127.0.0.1)' to cell (1, 0)
2025-12-15 15:38:01 - MediaMTX_VMS - DEBUG - [event_log.py:151] - Event logged: [Info] RTSP Server (127.0.0.1): Camera 'RTSP Server (127.0.0.1)' assigned to cell (1,0)
2025-12-15 15:38:01 - MediaMTX_VMS - ERROR - [stream_manager.py:193] - Failed to open stream: rtsp://127.0.0.1:8554/stream
2025-12-15 15:38:01 - MediaMTX_VMS - INFO - [stream_manager.py:241] - Reconnecting to RTSP Server (127.0.0.1) (attempt 1)
2025-12-15 15:38:01 - MediaMTX_VMS - DEBUG - [stream_manager.py:395] - Stream status for RTSP Server (127.0.0.1): Reconnecting
2025-12-15 15:38:03 - MediaMTX_VMS - ERROR - [ptz_control.py:105] - Failed to connect PTZ for RTSP Server (127.0.0.1): Unknown error: HTTPConnectionPool(host='127.0.0.1', port=80): Max retries exceeded with url: /onvif/device_service (Caused by NewConnectionError('<urllib3.connection.HTTPConnection object at 0x000001FD0685D1D0>: Failed to establish a new connection: [WinError 10061] Подключение не установлено, т.к. конечный компьютер отверг запрос на подключение'))
2025-12-15 15:38:03 - MediaMTX_VMS - INFO - [stream_manager.py:157] - Connecting to RTSP Server (127.0.0.1) at rtsp://127.0.0.1:8554/stream
2025-12-15 15:38:03 - MediaMTX_VMS - ERROR - [stream_manager.py:193] - Failed to open stream: rtsp://127.0.0.1:8554/stream
2025-12-15 15:38:03 - MediaMTX_VMS - INFO - [stream_manager.py:241] - Reconnecting to RTSP Server (127.0.0.1) (attempt 2)
2025-12-15 15:38:04 - MediaMTX_VMS - INFO - [stream_manager.py:157] - Connecting to RTSP Server (127.0.0.1) at rtsp://127.0.0.1:8554/stream
2025-12-15 15:38:04 - MediaMTX_VMS - INFO - [stream_manager.py:157] - Connecting to RTSP Server (127.0.0.1) at rtsp://127.0.0.1:8554/stream
2025-12-15 15:38:04 - MediaMTX_VMS - ERROR - [stream_manager.py:193] - Failed to open stream: rtsp://127.0.0.1:8554/stream
2025-12-15 15:38:04 - MediaMTX_VMS - ERROR - [stream_manager.py:235] - Max reconnection attempts reached for RTSP Server (127.0.0.1)
2025-12-15 15:38:04 - MediaMTX_VMS - DEBUG - [stream_manager.py:395] - Stream status for RTSP Server (127.0.0.1): Error
2025-12-15 15:38:04 - MediaMTX_VMS - ERROR - [video_widget.py:205] - Stream error for RTSP Server (127.0.0.1): Connection failed after 4 attempts
2025-12-15 15:38:04 - MediaMTX_VMS - DEBUG - [stream_manager.py:395] - Stream status for RTSP Server (127.0.0.1): Disconnected
2025-12-15 15:38:04 - MediaMTX_VMS - INFO - [stream_manager.py:133] - VideoStreamThread stopped for RTSP Server (127.0.0.1)
2025-12-15 15:38:04 - MediaMTX_VMS - INFO - [video_widget.py:211] - Stream thread finished for RTSP Server (127.0.0.1), cleaning up.
2025-12-15 15:38:04 - MediaMTX_VMS - ERROR - [stream_manager.py:193] - Failed to open stream: rtsp://127.0.0.1:8554/stream
2025-12-15 15:38:04 - MediaMTX_VMS - ERROR - [stream_manager.py:235] - Max reconnection attempts reached for RTSP Server (127.0.0.1)
2025-12-15 15:38:04 - MediaMTX_VMS - DEBUG - [stream_manager.py:395] - Stream status for RTSP Server (127.0.0.1): Error
2025-12-15 15:38:04 - MediaMTX_VMS - ERROR - [video_widget.py:205] - Stream error for RTSP Server (127.0.0.1): Connection failed after 4 attempts
2025-12-15 15:38:04 - MediaMTX_VMS - DEBUG - [stream_manager.py:395] - Stream status for RTSP Server (127.0.0.1): Disconnected
2025-12-15 15:38:04 - MediaMTX_VMS - INFO - [stream_manager.py:133] - VideoStreamThread stopped for RTSP Server (127.0.0.1)
2025-12-15 15:38:04 - MediaMTX_VMS - INFO - [video_widget.py:211] - Stream thread finished for RTSP Server (127.0.0.1), cleaning up.
2025-12-15 15:38:07 - MediaMTX_VMS - INFO - [stream_manager.py:157] - Connecting to RTSP Server (127.0.0.1) at rtsp://127.0.0.1:8554/stream
2025-12-15 15:38:07 - MediaMTX_VMS - ERROR - [stream_manager.py:193] - Failed to open stream: rtsp://127.0.0.1:8554/stream
2025-12-15 15:38:07 - MediaMTX_VMS - INFO - [stream_manager.py:241] - Reconnecting to RTSP Server (127.0.0.1) (attempt 3)
2025-12-15 15:38:15 - MediaMTX_VMS - INFO - [stream_manager.py:157] - Connecting to RTSP Server (127.0.0.1) at rtsp://127.0.0.1:8554/stream
2025-12-15 15:38:15 - MediaMTX_VMS - ERROR - [stream_manager.py:193] - Failed to open stream: rtsp://127.0.0.1:8554/stream
2025-12-15 15:38:15 - MediaMTX_VMS - ERROR - [stream_manager.py:235] - Max reconnection attempts reached for RTSP Server (127.0.0.1)
2025-12-15 15:38:15 - MediaMTX_VMS - DEBUG - [stream_manager.py:395] - Stream status for RTSP Server (127.0.0.1): Error
2025-12-15 15:38:15 - MediaMTX_VMS - ERROR - [video_widget.py:205] - Stream error for RTSP Server (127.0.0.1): Connection failed after 4 attempts
2025-12-15 15:38:15 - MediaMTX_VMS - DEBUG - [stream_manager.py:395] - Stream status for RTSP Server (127.0.0.1): Disconnected
2025-12-15 15:38:15 - MediaMTX_VMS - INFO - [stream_manager.py:133] - VideoStreamThread stopped for RTSP Server (127.0.0.1)
2025-12-15 15:38:15 - MediaMTX_VMS - INFO - [video_widget.py:211] - Stream thread finished for RTSP Server (127.0.0.1), cleaning up.
2025-12-15 15:58:09 - MediaMTX_VMS - INFO - [logger.py:62] - ================================================================================
2025-12-15 15:58:09 - MediaMTX_VMS - INFO - [logger.py:63] - MediaMTX VMS Client v2.0 - Logger initialized
2025-12-15 15:58:09 - MediaMTX_VMS - INFO - [logger.py:64] - Log file: logs\app_20251215.log
2025-12-15 15:58:09 - MediaMTX_VMS - INFO - [logger.py:65] - ================================================================================
2025-12-15 15:58:09 - MediaMTX_VMS - INFO - [config.py:40] - Configuration loaded from config.json
2025-12-15 15:58:09 - MediaMTX_VMS - INFO - [camera_manager.py:28] - Loading 1 cameras from config
2025-12-15 15:58:09 - MediaMTX_VMS - INFO - [nvr_manager.py:28] - Loading 0 NVRs from config
2025-12-15 15:58:10 - MediaMTX_VMS - INFO - [main.py:96] - ================================================================================
2025-12-15 15:58:10 - MediaMTX_VMS - INFO - [main.py:97] - MediaMTX VMS Client v2.0 - Starting
2025-12-15 15:58:10 - MediaMTX_VMS - INFO - [main.py:98] - ================================================================================
2025-12-15 15:58:10 - MediaMTX_VMS - INFO - [main.py:47] - Stylesheet loaded successfully
2025-12-15 15:58:10 - MediaMTX_VMS - DEBUG - [config.py:113] - Config set: settings.theme = dark
2025-12-15 15:58:10 - MediaMTX_VMS - DEBUG - [config.py:63] - Configuration saved
2025-12-15 15:58:10 - MediaMTX_VMS - INFO - [theme_manager.py:227] - Theme set to: dark
2025-12-15 15:58:10 - MediaMTX_VMS - INFO - [grid_widget.py:85] - Created 2x2 grid with 4 cells
2025-12-15 15:58:10 - MediaMTX_VMS - INFO - [video_widget.py:83] - VideoWidget assigned to camera: RTSP Server (127.0.0.1)
2025-12-15 15:58:10 - MediaMTX_VMS - DEBUG - [stream_manager.py:73] - VideoStreamThread created for camera: RTSP Server (127.0.0.1)
2025-12-15 15:58:10 - MediaMTX_VMS - INFO - [video_widget.py:114] - Started stream for RTSP Server (127.0.0.1)
2025-12-15 15:58:10 - MediaMTX_VMS - DEBUG - [config.py:113] - Config set: layout.grid_assignments.2x2 = {'0,0': '5e1bd23c-0810-454b-bcd0-fe1f1349ae1e'}
2025-12-15 15:58:10 - MediaMTX_VMS - DEBUG - [stream_manager.py:395] - Stream status for RTSP Server (127.0.0.1): Connecting
2025-12-15 15:58:10 - MediaMTX_VMS - DEBUG - [config.py:63] - Configuration saved
2025-12-15 15:58:10 - MediaMTX_VMS - INFO - [stream_manager.py:157] - Connecting to RTSP Server (127.0.0.1) at rtsp://127.0.0.1:8554/stream
2025-12-15 15:58:10 - MediaMTX_VMS - INFO - [grid_widget.py:168] - Assigned camera 'RTSP Server (127.0.0.1)' to cell (0, 0)
2025-12-15 15:58:10 - MediaMTX_VMS - INFO - [video_widget.py:83] - VideoWidget assigned to camera: RTSP Server (127.0.0.1)
2025-12-15 15:58:10 - MediaMTX_VMS - DEBUG - [stream_manager.py:73] - VideoStreamThread created for camera: RTSP Server (127.0.0.1)
2025-12-15 15:58:10 - MediaMTX_VMS - INFO - [video_widget.py:114] - Started stream for RTSP Server (127.0.0.1)
2025-12-15 15:58:10 - MediaMTX_VMS - DEBUG - [config.py:113] - Config set: layout.grid_assignments.2x2 = {'0,0': '5e1bd23c-0810-454b-bcd0-fe1f1349ae1e', '0,1': '5e1bd23c-0810-454b-bcd0-fe1f1349ae1e'}
2025-12-15 15:58:10 - MediaMTX_VMS - DEBUG - [config.py:63] - Configuration saved
2025-12-15 15:58:10 - MediaMTX_VMS - INFO - [grid_widget.py:168] - Assigned camera 'RTSP Server (127.0.0.1)' to cell (0, 1)
2025-12-15 15:58:10 - MediaMTX_VMS - INFO - [video_widget.py:83] - VideoWidget assigned to camera: RTSP Server (127.0.0.1)
2025-12-15 15:58:10 - MediaMTX_VMS - DEBUG - [stream_manager.py:73] - VideoStreamThread created for camera: RTSP Server (127.0.0.1)
2025-12-15 15:58:10 - MediaMTX_VMS - DEBUG - [stream_manager.py:395] - Stream status for RTSP Server (127.0.0.1): Connecting
2025-12-15 15:58:10 - MediaMTX_VMS - INFO - [video_widget.py:114] - Started stream for RTSP Server (127.0.0.1)
2025-12-15 15:58:10 - MediaMTX_VMS - INFO - [stream_manager.py:157] - Connecting to RTSP Server (127.0.0.1) at rtsp://127.0.0.1:8554/stream
2025-12-15 15:58:10 - MediaMTX_VMS - DEBUG - [config.py:113] - Config set: layout.grid_assignments.2x2 = {'0,0': '5e1bd23c-0810-454b-bcd0-fe1f1349ae1e', '0,1': '5e1bd23c-0810-454b-bcd0-fe1f1349ae1e', '1,0': '5e1bd23c-0810-454b-bcd0-fe1f1349ae1e'}
2025-12-15 15:58:10 - MediaMTX_VMS - DEBUG - [stream_manager.py:395] - Stream status for RTSP Server (127.0.0.1): Connecting
2025-12-15 15:58:10 - MediaMTX_VMS - INFO - [stream_manager.py:157] - Connecting to RTSP Server (127.0.0.1) at rtsp://127.0.0.1:8554/stream
2025-12-15 15:58:10 - MediaMTX_VMS - DEBUG - [config.py:63] - Configuration saved
2025-12-15 15:58:10 - MediaMTX_VMS - INFO - [grid_widget.py:168] - Assigned camera 'RTSP Server (127.0.0.1)' to cell (1, 0)
2025-12-15 15:58:10 - MediaMTX_VMS - DEBUG - [resource_tree.py:177] - Resource tree loaded: 1 cameras, 0 NVRs
2025-12-15 15:58:10 - MediaMTX_VMS - DEBUG - [event_log.py:151] - Event logged: [Info] : Application started
2025-12-15 15:58:10 - MediaMTX_VMS - DEBUG - [resource_monitor.py:48] - Resource monitoring started
2025-12-15 15:58:10 - MediaMTX_VMS - INFO - [main_window.py:53] - MainWindow initialized
2025-12-15 15:58:13 - MediaMTX_VMS - INFO - [main.py:110] - Main window displayed
2025-12-15 15:58:15 - MediaMTX_VMS - INFO - [grid_widget.py:247] - Stopping all streams
2025-12-15 15:58:15 - MediaMTX_VMS - INFO - [video_widget.py:124] - Signal stop stream for RTSP Server (127.0.0.1)
2025-12-15 15:58:15 - MediaMTX_VMS - INFO - [video_widget.py:124] - Signal stop stream for RTSP Server (127.0.0.1)
2025-12-15 15:58:15 - MediaMTX_VMS - INFO - [video_widget.py:124] - Signal stop stream for RTSP Server (127.0.0.1)
